tiempo,frontal_der,frontal_izq,diagonal_der,diagonal_izq,lateral_der,lateral_izq,trasero_der,trasero_izq,encoder_izq,encoder_der
0.032,124.11,128.65,69.73,71.49,63.76,91.13,68.32,61.33,0.0000,0.0000
0.064,131.59,125.31,68.71,69.97,71.73,94.71,70.27,65.12,0.0942,0.0942
0.096,145.33,133.47,66.60,65.80,62.72,94.49,66.82,67.92,0.1947,0.1947
0.128,146.48,153.15,80.03,68.08,64.97,88.25,67.43,64.48,0.2889,0.2889
0.160,177.08,156.67,96.39,82.37,63.73,89.38,66.48,66.53,0.3831,0.3831
0.192,180.94,161.74,96.23,86.78,57.40,94.71,68.63,58.90,0.4773,0.4773
0.224,193.46,181.42,112.60,91.14,71.89,93.23,65.89,61.55,0.5778,0.5778
0.256,212.21,205.52,109.58,96.43,67.13,80.16,66.33,65.57,0.6720,0.6720
0.288,226.82,216.05,116.99,111.18,61.35,90.60,69.83,65.33,0.7662,0.7662
0.320,232.90,223.32,113.19,112.26,74.12,97.10,68.46,66.61,0.8604,0.8604
0.352,273.13,255.05,131.58,114.94,69.68,92.07,65.88,73.49,0.9608,0.9608
0.384,305.21,300.04,138.34,121.91,60.34,93.70,64.82,67.73,1.0550,1.0550
0.416,334.31,323.45,152.37,134.26,62.18,99.38,61.46,67.88,1.1492,1.1492
0.448,369.83,356.04,160.15,149.72,66.02,98.17,71.24,65.37,1.2497,1.2497
0.480,417.29,378.59,184.44,161.10,69.30,95.64,62.07,66.31,1.3439,1.3439
0.512,525.17,453.66,214.81,175.02,67.12,90.20,63.06,63.23,1.4381,1.4381
0.544,551.05,497.32,246.59,168.79,69.33,96.89,67.38,65.99,1.3879,1.5198
0.576,572.83,442.51,279.09,143.76,63.98,94.93,62.78,67.21,1.3439,1.6014
0.608,630.31,378.14,309.01,119.41,67.94,89.20,68.93,60.30,1.2937,1.6768
0.640,597.98,363.69,328.30,109.32,65.77,89.96,69.24,65.76,1.2497,1.7584
0.672,772.46,343.47,375.66,92.91,62.88,74.25,62.22,69.93,1.1995,1.8400
0.704,894.08,337.03,420.92,68.75,68.00,79.12,67.17,66.72,1.1492,1.9154
0.736,971.17,326.01,535.32,73.62,62.48,78.20,67.76,65.91,1.1053,1.9970
0.768,1044.91,278.35,584.33,77.18,72.25,65.75,68.84,67.59,1.0550,2.0787
0.800,981.85,260.89,755.42,92.26,66.47,64.54,73.18,66.33,1.0048,2.1603
0.832,973.46,236.77,903.59,93.16,92.93,69.85,64.93,64.93,0.9608,2.2357
0.864,1016.47,204.37,1068.34,94.93,112.81,68.79,66.13,65.18,0.9106,2.3173
0.896,933.08,175.62,1227.76,102.61,117.93,64.00,67.38,66.59,0.8604,2.3990
0.928,897.14,172.29,1326.05,109.37,140.75,69.33,64.83,66.60,0.8164,2.4806
0.960,820.98,148.98,1470.34,110.42,169.23,75.06,73.28,66.30,0.7662,2.5560
0.992,753.58,124.32,1545.94,106.68,201.84,65.85,69.47,64.82,0.7222,2.6376
1.024,629.81,117.80,1597.11,104.88,224.70,60.44,69.80,68.53,0.6720,2.7192
1.056,532.40,92.47,1647.73,111.29,272.04,70.53,67.67,70.51,0.6217,2.8009
1.088,533.76,77.07,1683.56,107.24,308.74,65.15,65.63,66.26,0.5778,2.8762
1.120,479.83,82.22,1719.39,109.76,348.02,63.89,69.18,72.07,0.5275,2.9579
1.152,416.60,94.07,1723.24,110.57,374.44,57.56,70.75,65.12,0.4773,3.0395
1.184,378.21,90.11,1721.21,109.71,423.73,61.94,70.44,67.74,0.4333,3.1149
1.216,344.88,100.89,1694.41,105.89,546.14,62.84,66.58,71.63,0.3831,3.1965
1.248,322.79,104.63,1663.73,101.30,545.01,75.59,65.25,67.81,0.3328,3.2782
1.280,283.41,106.33,1633.77,103.84,711.90,62.99,62.68,69.47,0.2889,3.3598
1.312,231.21,100.57,1568.07,93.05,861.95,76.04,69.19,62.03,0.2386,3.4352
1.344,210.33,107.33,1488.45,86.99,1104.99,64.48,72.69,66.17,0.1884,3.5168
1.376,190.22,110.38,1389.16,76.83,1245.91,69.74,67.35,67.29,0.1444,3.5984
1.408,151.92,113.42,1235.36,71.87,1347.98,69.94,67.94,62.09,0.0942,3.6801
1.440,136.52,109.28,1079.30,70.22,1422.05,56.09,63.26,65.33,0.0502,3.7554
1.472,118.11,108.82,866.32,71.66,1518.59,66.71,67.25,67.18,0.0000,3.8371
1.504,101.43,106.13,644.54,63.70,1565.59,66.59,62.23,69.19,-0.0440,3.9187
1.536,87.51,108.00,546.50,70.82,1607.67,63.90,69.82,67.18,-0.0879,3.9941
1.568,98.73,110.56,440.22,72.85,1615.76,68.81,100.33,69.35,-0.1382,4.0757
1.600,105.58,104.79,383.62,67.94,1658.91,64.03,111.59,64.83,-0.1884,4.1574
1.632,110.92,104.08,377.47,73.20,1626.39,69.04,118.72,72.37,-0.1256,4.2516
1.664,103.45,104.61,367.26,71.14,1631.64,71.64,125.34,68.87,-0.0565,4.3520
1.696,118.74,112.36,356.25,75.25,1609.83,70.66,109.25,67.02,0.0000,4.4462
1.728,120.14,119.91,343.83,64.43,1620.64,68.12,126.04,65.90,0.0628,4.5404
1.760,111.46,116.25,322.78,67.88,1598.35,63.22,135.05,69.54,0.1256,4.6346
1.792,136.72,112.35,313.12,71.31,1600.47,67.11,145.85,70.58,0.1884,4.7351
1.824,138.52,120.22,313.34,67.71,1564.42,66.32,165.13,66.26,0.2575,4.8293
1.856,133.49,127.53,289.61,65.73,1551.91,66.32,153.67,66.80,0.3203,4.9235
1.888,162.44,140.81,285.54,70.56,1513.92,72.42,156.73,71.59,0.3831,5.0177
1.920,147.93,144.97,259.40,66.02,1505.24,65.99,155.50,64.64,0.4459,5.1182
1.952,163.07,154.91,246.46,66.42,1470.60,67.77,161.32,68.36,0.5087,5.2124
1.984,189.86,156.46,222.26,73.21,1429.13,72.27,179.17,70.88,0.5778,5.3066
2.016,187.83,157.95,213.74,65.12,1409.26,62.37,173.19,65.08,0.6406,5.4071
2.048,211.71,152.44,209.71,60.77,1332.61,65.39,180.97,66.95,0.7034,5.5013
2.080,223.88,175.97,204.91,69.37,1292.38,68.22,194.73,68.89,0.7662,5.5955
2.112,241.78,184.09,197.73,70.93,1208.86,69.20,182.92,69.81,0.8290,5.6897
2.144,271.90,206.48,181.29,66.53,1181.13,63.60,194.82,68.18,0.8918,5.7902
2.176,289.03,203.40,172.47,68.07,1102.13,64.24,202.90,64.83,0.9608,5.8844
2.208,315.06,219.49,198.48,70.63,1045.10,67.96,204.75,65.13,1.0236,5.9786
2.240,333.62,238.35,213.47,63.58,893.58,65.79,209.53,61.30,1.0864,6.0728
2.272,352.97,241.23,232.37,66.47,834.64,70.68,206.48,68.73,1.1492,6.1732
2.304,403.82,274.19,254.16,63.02,822.19,70.66,204.23,65.69,1.2497,6.2674
2.336,491.42,291.17,301.03,80.53,732.80,68.47,198.40,62.85,1.3439,6.3616
2.368,563.73,309.53,325.64,67.02,577.64,67.16,215.14,73.11,1.2937,6.4433
2.400,535.38,272.37,356.01,72.64,537.01,68.14,250.19,71.25,1.2497,6.5249
2.432,519.15,229.90,379.39,61.22,518.03,69.91,291.85,68.09,1.1995,6.6003
2.464,562.14,219.13,423.12,66.78,466.47,67.52,318.19,68.33,1.1492,6.6819
2.496,556.08,203.12,474.54,67.62,436.65,64.13,346.39,65.76,1.1053,6.7636
2.528,539.70,190.05,535.86,66.42,375.22,70.92,366.00,66.09,1.0550,6.8452
2.560,560.50,159.02,610.10,62.53,356.56,72.15,408.76,67.10,1.0048,6.9206
2.592,513.89,151.52,619.33,68.95,331.62,63.30,449.10,64.02,0.9608,7.0022
2.624,477.40,133.12,782.93,66.07,303.99,67.25,494.36,66.47,0.9106,7.0838
2.656,483.22,123.26,914.09,68.68,275.66,70.10,534.61,68.81,0.8604,7.1655
2.688,467.65,110.89,1008.63,66.12,221.45,74.53,590.50,61.79,0.8164,7.2408
2.720,428.01,89.52,1054.30,66.38,203.83,67.27,544.27,67.63,0.7662,7.3225
2.752,377.32,70.98,1111.08,63.29,220.04,69.21,661.10,72.43,0.7159,7.4041
2.784,360.66,66.83,1143.82,66.37,255.26,70.18,689.93,66.05,0.6720,7.4795
2.816,353.90,69.85,1190.30,70.10,295.94,67.23,774.14,68.33,0.6217,7.5611
2.848,322.35,68.94,1187.69,69.96,325.44,62.42,762.53,67.55,0.5778,7.6428
2.880,288.35,70.25,1216.90,59.60,349.13,72.05,771.53,86.32,0.5275,7.7244
2.912,270.06,75.59,1155.74,66.10,385.90,67.21,742.12,100.98,0.4773,7.7998
2.944,238.29,68.46,1080.11,67.47,418.33,64.87,733.52,120.75,0.4333,7.8814
2.976,209.17,68.13,1074.30,61.61,532.19,70.84,663.53,132.22,0.3831,7.9630
3.008,183.16,64.99,913.69,58.25,548.87,68.12,573.69,153.63,0.3328,8.0447
3.040,160.76,66.87,765.41,70.20,565.82,60.77,614.26,160.24,0.2889,8.1200
3.072,144.77,68.13,655.16,63.10,678.52,74.42,549.28,179.46,0.2386,8.2017
3.104,122.49,65.31,557.34,71.57,738.96,74.15,511.44,210.79,0.1884,8.2833
3.136,112.93,65.44,499.94,64.98,883.11,64.59,459.16,218.78,0.1444,8.3650
3.168,96.95,69.46,470.53,69.55,957.82,70.56,429.67,235.84,0.0942,8.4403
3.200,66.78,67.79,392.87,72.66,1051.31,69.37,381.90,267.48,0.0502,8.5220
3.232,68.28,65.08,377.65,66.98,1074.81,63.78,352.91,267.52,0.1130,8.6162
3.264,73.94,64.60,390.21,66.71,1124.03,63.15,340.07,239.36,0.1758,8.7166
3.296,72.18,61.26,374.88,62.98,1137.43,74.91,297.23,218.44,0.2386,8.8108
3.328,63.41,71.70,371.79,62.59,1169.10,63.91,263.75,217.14,0.3014,8.9050
3.360,66.28,61.19,378.21,59.81,1211.40,69.64,232.38,193.31,0.3642,8.9992
3.392,72.57,68.91,365.04,60.54,1230.46,66.10,222.24,183.05,0.4333,9.0997
3.424,63.69,68.48,356.94,67.45,1262.58,64.51,197.03,170.32,0.4961,9.1939
3.456,71.26,66.57,357.10,67.19,1254.11,65.42,181.18,161.59,0.5589,9.2881
3.488,65.74,63.59,335.19,63.72,1266.70,67.65,170.65,153.58,0.6217,9.3823
3.520,59.12,68.60,334.09,61.23,1280.94,63.28,163.22,154.40,0.6845,9.4828
3.552,64.19,64.44,331.50,64.88,1255.53,63.25,143.89,146.31,0.7536,9.5770
3.584,74.04,63.24,313.41,65.69,1270.69,60.83,136.90,140.02,0.8164,9.6712
3.616,68.05,62.15,311.77,63.89,1251.71,67.82,131.43,129.87,0.8792,9.7717
3.648,67.19,66.52,292.61,61.76,1257.52,65.20,118.73,138.17,0.9420,9.8659
3.680,68.30,64.78,286.65,64.26,1246.89,66.26,118.29,126.48,1.0048,9.9601
3.712,63.34,65.18,267.39,65.01,1238.81,70.85,123.37,117.38,1.0676,10.0543
3.744,67.06,72.90,257.00,70.62,1216.34,65.11,130.13,108.22,1.1367,10.1548
3.776,66.96,65.87,255.11,64.76,1169.72,64.09,131.50,117.76,1.1995,10.2490
3.808,68.89,70.62,235.49,73.07,1167.47,64.83,133.12,109.60,1.2623,10.3432
3.840,70.02,68.02,231.79,72.80,1119.09,69.83,141.55,105.04,1.3251,10.4374
3.872,65.13,67.11,218.08,64.28,1064.91,63.09,148.92,114.09,1.3879,10.5378
3.904,62.22,67.79,207.53,70.04,1038.87,67.48,151.79,105.54,1.4570,10.6320
3.936,68.57,66.52,193.64,67.67,1011.83,68.79,136.84,99.06,1.5198,10.7262
3.968,62.74,62.79,187.48,69.24,934.70,66.86,150.03,96.93,1.5826,10.8267
4.000,68.65,70.40,173.11,72.52,907.59,68.15,151.95,102.60,1.6454,10.9209
4.032,63.61,60.42,173.26,58.38,781.40,62.07,158.78,90.19,1.7082,11.0151
4.064,67.29,70.22,152.67,65.14,753.92,68.75,150.87,86.02,1.8086,11.1093
4.096,69.15,63.51,160.00,67.83,748.21,70.16,153.87,71.06,1.9028,11.2098
4.128,70.16,63.14,155.54,63.86,650.89,67.78,154.20,64.34,1.9970,11.3040
4.160,64.34,67.24,163.32,67.43,612.65,64.93,153.04,64.30,2.0912,11.3982
4.192,69.94,64.65,156.11,66.16,562.64,72.71,147.22,66.65,2.1917,11.4987
4.224,64.35,67.38,150.86,71.64,566.34,69.03,148.29,72.40,2.2859,11.5929
4.256,68.56,65.29,146.84,68.88,569.58,67.74,144.13,69.07,2.3801,11.6871
4.288,60.98,63.83,144.67,70.72,571.14,56.24,142.07,64.17,2.4806,11.7813
4.320,67.24,69.66,143.74,60.39,508.77,62.34,132.26,65.26,2.5748,11.8818
4.352,71.49,65.51,146.29,63.76,506.95,62.18,144.86,64.07,2.6690,11.9760
4.384,66.85,64.39,138.34,67.18,505.88,70.91,132.23,70.26,2.7632,12.0702
4.416,67.86,59.25,134.91,66.33,468.44,61.91,129.09,63.72,2.8637,12.1644
4.448,65.25,74.65,130.40,65.83,461.01,71.99,131.29,65.38,2.9579,12.2648
4.480,68.59,68.63,126.06,62.65,461.80,66.25,133.42,69.64,3.0521,12.3590
4.512,69.46,69.06,138.00,68.34,436.19,68.17,130.84,69.38,3.1463,12.4532
4.544,72.87,67.73,128.67,69.96,411.29,65.47,125.22,66.82,3.2468,12.5537
4.576,74.48,65.41,121.29,67.79,418.45,61.33,124.65,67.40,3.3410,12.6479
4.608,62.00,64.14,122.22,69.94,395.92,65.95,131.65,69.51,3.4352,12.7421
4.640,66.52,69.66,122.17,68.10,384.30,70.99,117.58,64.08,3.5356,12.8363
4.672,65.91,65.70,120.18,65.07,382.30,70.25,118.36,68.48,3.6298,12.9368
4.704,70.65,64.48,113.68,76.35,377.47,68.33,121.34,72.01,3.7240,13.0310
4.736,72.82,64.79,125.71,73.59,375.78,66.37,110.63,73.23,3.8182,13.1252
4.768,63.25,70.34,61.11,66.90,376.55,64.87,118.84,67.14,3.9187,13.2194
4.800,65.86,66.89,70.59,60.60,366.88,68.33,116.17,63.74,4.0129,13.3199
4.832,66.00,67.38,65.75,66.08,361.37,67.47,112.07,60.50,4.1071,13.4141
4.864,73.90,63.97,69.89,65.44,344.10,65.59,108.00,65.66,4.2076,13.5083
4.896,68.99,61.82,73.20,69.98,345.23,66.11,110.71,71.17,4.3018,13.6088
4.928,70.00,63.89,62.06,63.12,329.35,66.42,115.28,69.58,4.3960,13.7030
4.960,60.68,72.58,68.10,68.85,337.98,67.19,103.49,69.70,4.4902,13.7972
4.992,66.80,61.42,68.81,68.10,326.54,61.16,108.10,65.70,4.5907,13.8914
5.024,66.28,66.07,69.73,70.15,317.03,66.78,110.88,67.53,4.6849,13.9918
5.056,74.29,64.14,71.77,66.28,321.70,68.26,115.82,69.38,4.7791,14.0860
5.088,66.06,61.96,65.69,64.12,316.29,68.78,100.43,66.52,4.8733,14.1802
5.120,67.15,68.42,66.94,63.46,309.87,58.66,105.41,74.91,4.9738,14.2744
5.152,65.03,63.48,71.97,74.29,310.46,61.73,111.78,64.98,5.0680,14.3749
5.184,72.95,71.23,71.26,66.83,299.35,69.81,98.89,67.52,5.1622,14.4691
5.216,59.61,76.48,67.83,68.01,307.76,67.90,110.49,69.51,5.2626,14.5633
5.248,61.27,68.65,63.54,70.80,290.54,67.88,104.80,69.68,5.3568,14.6638
5.280,66.62,69.01,68.00,62.14,300.61,73.14,102.64,66.85,5.4510,14.7580
5.312,67.34,68.23,62.64,64.18,290.13,71.62,104.54,67.06,5.5452,14.8522
5.344,66.79,75.09,64.28,63.95,275.94,64.79,107.44,78.57,5.6457,14.9464
5.376,65.11,69.30,67.30,67.83,260.79,64.42,98.38,69.35,5.7399,15.0469
5.408,65.25,66.37,69.54,68.70,269.89,65.35,101.42,64.39,5.8341,15.1411
5.440,67.12,67.28,73.66,69.60,261.92,71.23,92.48,63.92,5.9283,15.2353
5.472,70.62,65.80,62.21,66.31,247.32,72.00,88.87,67.59,6.0288,15.3358
5.504,67.89,61.62,62.06,65.44,248.01,72.06,85.61,61.50,6.1230,15.4300
5.536,63.57,72.28,71.76,62.31,253.59,61.69,84.98,66.63,6.2172,15.5242
5.568,66.70,69.10,66.03,74.22,247.76,67.11,81.53,61.40,6.3177,15.6184
5.600,65.41,70.10,63.78,64.87,242.67,64.97,83.54,68.15,6.4119,15.7188
5.632,66.53,67.15,63.93,73.34,234.14,62.98,84.05,67.58,6.5061,15.8130
5.664,70.41,63.67,62.89,70.93,236.38,68.82,82.10,67.15,6.6003,15.9072
5.696,72.71,67.63,64.70,61.32,241.72,68.93,77.44,67.51,6.7008,16.0014
5.728,66.84,71.12,67.55,65.37,70.10,71.64,75.23,63.99,6.7950,16.1019
5.760,69.89,66.86,63.64,60.58,66.79,70.42,67.98,69.81,6.8892,16.1961
5.792,64.71,60.75,68.43,63.45,66.90,65.28,75.50,66.57,6.9834,16.2903
5.824,73.27,70.78,62.17,61.46,64.25,72.58,70.34,65.52,7.0838,16.3908
5.856,66.94,70.46,65.01,63.99,70.47,65.75,64.53,66.41,7.1780,16.4850
5.888,64.59,64.30,65.60,74.19,69.18,67.36,63.10,64.89,7.2722,16.5792
5.920,63.94,66.73,66.61,71.80,67.24,66.24,65.68,67.05,7.3727,16.6734
5.952,70.17,70.48,68.93,74.21,70.59,70.83,71.39,65.66,7.4669,16.7739
5.984,67.35,62.61,69.51,65.81,66.29,69.98,63.13,68.14,7.5611,16.8681
6.016,68.72,69.14,74.47,73.28,62.81,64.83,71.76,64.78,7.6553,16.9623
6.048,63.50,63.27,58.91,68.24,71.43,73.02,65.46,67.42,7.7558,17.0565
6.080,69.39,66.27,65.73,68.47,72.80,66.97,64.38,66.21,7.8500,17.1570
6.112,61.52,64.76,66.10,61.06,70.15,64.84,67.25,66.40,7.9442,17.2512
6.144,65.92,66.93,67.31,64.71,65.28,64.53,66.42,62.70,8.0447,17.3454
6.176,66.18,68.07,64.12,67.18,67.72,59.82,70.06,66.83,8.1389,17.4458
6.208,62.26,67.22,68.67,65.58,67.20,69.48,66.04,67.14,8.2331,17.5400
6.240,63.77,64.13,66.92,66.36,64.80,65.42,65.95,65.61,8.3273,17.6342
6.272,65.20,64.42,67.58,64.17,69.40,67.22,63.76,68.34,8.4278,17.7284
6.304,70.20,69.95,66.71,71.76,69.98,69.69,71.98,66.66,8.5220,17.8289
6.336,67.66,63.47,67.60,63.84,67.72,65.30,69.22,65.10,8.6162,17.9231
6.368,65.30,61.00,68.33,65.16,70.24,75.33,67.55,63.84,8.7104,18.0173
6.400,64.87,66.40,68.59,66.07,66.19,61.24,63.11,66.38,8.8108,18.1115
6.432,69.36,68.41,71.79,66.40,67.87,64.80,65.76,64.54,8.9050,18.2120
6.464,65.74,65.25,65.18,66.47,70.13,70.54,67.15,64.03,8.9992,18.3062
6.496,71.10,68.59,66.21,64.01,66.89,69.19,64.48,69.90,9.0997,18.4004
6.528,63.35,68.79,68.30,66.11,65.30,74.83,66.23,65.10,9.1939,18.5009
6.560,69.60,70.45,65.50,61.97,65.87,66.35,64.67,63.38,9.2881,18.5951
6.592,70.07,65.59,65.66,68.87,71.92,67.67,69.36,66.78,9.3823,18.6893
6.624,68.17,72.71,61.75,64.47,64.84,68.05,60.07,68.21,9.4828,18.7835
6.656,68.30,73.64,69.76,64.63,70.45,64.11,61.90,68.53,9.5770,18.8840
6.688,71.23,70.13,65.35,65.41,68.76,69.07,65.86,59.98,9.6712,18.9782
6.720,69.42,64.35,65.48,67.00,66.48,73.28,69.03,64.21,9.7654,19.0724
6.752,72.69,62.55,70.77,67.85,69.00,64.21,65.94,71.09,9.8659,19.1728
6.784,68.05,65.95,68.36,67.92,67.05,71.71,67.74,66.40,9.9601,19.2670
6.816,66.64,68.61,67.75,65.45,66.72,71.83,66.66,73.72,10.0543,19.3612
6.848,71.48,69.27,61.27,68.93,72.25,67.40,69.79,69.49,10.1548,19.4554
6.880,66.79,68.28,71.73,65.36,71.50,70.86,68.38,65.97,10.2490,19.5559
6.912,63.49,73.79,62.94,71.40,59.92,69.02,58.37,63.26,10.3432,19.6501
6.944,64.55,64.50,68.87,69.53,67.20,59.21,72.76,64.32,10.4374,19.7443
6.976,68.31,69.64,64.16,67.34,67.58,66.89,69.70,64.95,10.5378,19.8385
7.008,71.91,72.48,66.79,74.48,66.89,66.68,73.99,63.48,10.6320,19.9390
7.040,66.27,70.76,63.62,64.27,65.43,63.74,67.69,62.40,10.7262,20.0332
7.072,69.09,69.59,64.45,69.50,62.54,67.59,67.24,72.02,10.8204,20.1274
7.104,64.90,64.13,68.60,73.70,59.89,64.07,68.74,64.59,10.9209,20.2279
7.136,72.11,67.55,74.53,69.87,68.61,68.11,62.56,70.50,11.0151,20.3221
7.168,58.67,67.87,69.73,69.13,64.65,68.41,66.24,69.48,11.1093,20.4163
7.200,69.12,69.96,68.45,68.84,74.08,67.13,66.85,65.21,11.2098,20.5105
7.232,68.10,63.44,70.07,72.49,62.57,69.10,64.28,67.22,11.3040,20.6110
7.264,59.54,69.99,65.94,70.07,65.49,67.14,62.95,65.18,11.3982,20.7052
7.296,66.18,67.24,69.47,69.01,57.41,67.45,67.64,69.13,11.4924,20.7994
7.328,67.72,70.29,68.19,67.57,63.09,69.51,67.77,65.70,11.5929,20.8936
7.360,66.46,66.61,69.09,68.50,71.75,64.54,63.50,70.84,11.6871,20.9940
7.392,70.11,66.38,67.44,70.25,68.36,69.79,68.75,65.54,11.7813,21.0882
7.424,56.67,64.08,66.81,63.23,62.76,63.69,74.41,64.68,11.8818,21.1824
7.456,62.22,67.05,68.70,62.09,70.21,67.20,69.53,70.42,11.9760,21.2829
7.488,66.98,68.84,67.42,68.50,67.02,63.44,68.77,63.13,12.0702,21.3771
7.520,63.36,67.18,68.98,64.41,71.93,69.44,68.35,66.82,12.1644,21.4713
7.552,65.11,62.16,67.07,68.51,69.63,69.18,62.24,68.86,12.2648,21.5655
7.584,63.16,71.90,69.24,73.44,69.59,62.97,65.10,65.27,12.3590,21.6660
7.616,68.59,72.15,67.72,68.09,69.28,67.25,66.67,65.16,12.4532,21.7602
7.648,68.07,70.26,69.40,64.57,71.14,68.17,62.36,71.97,12.5474,21.8544
7.680,63.71,71.56,73.01,62.74,70.36,64.37,64.51,65.50,12.6479,21.9486
7.712,68.59,62.20,64.84,65.79,67.84,64.39,67.13,65.56,12.7421,22.0491
7.744,67.60,65.91,66.21,64.70,70.24,65.70,71.89,62.89,12.8363,22.1433
7.776,66.49,70.50,60.17,68.22,65.16,64.02,72.15,69.94,12.9368,22.2375
7.808,69.22,68.75,69.78,69.48,67.75,65.17,65.65,71.60,13.0310,22.3380
7.840,71.95,69.51,65.24,63.31,64.74,59.87,71.23,69.52,13.1252,22.4322
7.872,66.28,66.18,69.77,65.41,67.58,67.16,69.13,66.42,13.2194,22.5264
7.904,70.04,66.84,58.77,68.12,66.28,71.19,69.33,72.97,13.3199,22.6206
7.936,64.57,66.65,68.05,65.28,66.43,69.08,68.56,71.63,13.4141,22.7210
7.968,66.14,69.82,67.04,71.19,62.42,65.19,65.30,64.19,13.5083,22.8152
8.000,64.72,62.02,69.80,65.35,64.48,64.46,66.99,66.95,13.6025,22.9094
8.032,69.22,71.52,67.63,68.50,64.81,62.54,68.11,74.97,13.7030,23.0099
8.064,66.56,68.29,68.18,64.77,61.71,69.68,75.03,71.40,13.7972,23.1041
8.096,63.94,69.33,64.55,58.61,65.65,70.70,64.21,65.79,13.8914,23.1983
8.128,70.86,66.63,69.39,67.88,66.20,66.50,66.78,58.44,13.9918,23.2925
8.160,64.82,69.12,73.57,68.73,67.90,67.14,68.04,68.54,14.0860,23.3930
8.192,70.23,60.56,70.44,74.06,69.02,73.08,61.30,65.96,14.1802,23.4872
8.224,63.35,65.69,69.80,67.83,66.20,68.67,64.73,65.56,14.2744,23.5814
8.256,68.87,68.27,61.68,70.20,63.72,63.28,70.96,65.16,14.3749,23.6756
8.288,66.14,68.64,70.21,64.70,66.53,67.88,69.51,69.26,14.4691,23.7761
8.320,66.09,66.87,63.52,67.32,65.32,65.84,63.04,63.88,14.5633,23.8703
8.352,74.45,70.64,62.00,69.65,65.31,65.07,73.81,65.02,14.6575,23.9645
8.384,67.00,64.41,68.26,66.34,68.35,64.75,66.55,66.39,14.7580,24.0650
8.416,70.75,71.90,68.02,63.48,64.92,68.81,67.79,67.71,14.8522,24.1592
8.448,67.89,67.18,66.42,70.84,68.01,65.17,70.90,68.81,14.9464,24.2534
8.480,66.85,65.72,72.91,65.53,69.36,70.03,68.50,66.57,15.0469,24.3476
8.512,65.96,67.68,68.70,69.74,72.62,67.66,67.88,65.66,15.1411,24.4480
8.544,63.12,64.15,63.43,72.89,72.61,63.80,69.16,65.72,15.2353,24.5422
8.576,64.56,68.16,66.18,73.29,70.01,69.98,72.45,65.81,15.3295,24.6364
8.608,70.28,61.50,65.23,70.22,70.67,68.47,70.18,64.69,15.4300,24.7306
8.640,69.72,67.40,62.23,67.45,65.69,63.61,62.27,64.91,15.5242,24.8311
8.672,69.06,68.94,68.62,67.41,65.05,71.18,68.48,65.61,15.6184,24.9253
8.704,71.22,65.96,68.32,67.93,72.21,64.85,67.51,71.49,15.7126,25.0195
8.736,62.44,71.54,69.85,67.11,63.72,63.91,67.86,68.52,15.8130,25.1200
8.768,67.92,69.66,62.82,68.43,67.98,63.48,61.35,69.39,15.9072,25.2142
8.800,61.26,66.10,63.21,69.51,69.92,62.44,70.15,69.12,16.0014,25.3084
8.832,65.22,66.90,70.00,60.43,67.31,60.10,63.05,66.45,16.1019,25.4026
8.864,66.65,70.96,69.30,70.45,66.09,70.85,67.21,67.03,16.1961,25.5031
8.896,65.69,63.67,70.43,70.39,64.22,67.90,72.51,65.13,16.2903,25.5973
8.928,65.86,65.43,66.63,64.11,69.48,67.45,67.87,64.02,16.3845,25.6915
8.960,60.60,63.04,76.00,67.09,62.98,65.95,69.21,66.17,16.4850,25.7857
8.992,69.10,70.33,69.69,74.26,71.46,65.48,60.51,69.94,16.5792,25.8862
9.024,64.30,69.70,65.35,66.58,68.94,70.87,70.65,73.33,16.6734,25.9804
9.056,66.40,70.60,70.52,74.26,64.28,63.20,68.11,67.47,16.7739,26.0746
9.088,68.19,62.55,66.19,67.30,63.83,67.58,71.39,66.49,16.8681,26.1750
9.120,66.35,70.61,62.01,61.81,66.00,62.15,66.82,72.30,16.9623,26.2692
9.152,70.28,65.54,68.91,73.08,68.47,66.09,64.88,62.56,17.0565,26.3634
9.184,64.75,63.98,66.22,66.57,64.57,65.86,66.31,64.19,17.1570,26.4576
9.216,56.04,68.98,60.29,67.20,68.49,65.76,68.85,72.59,17.2512,26.5581
9.248,65.92,69.86,68.01,66.30,64.57,66.61,65.21,60.27,17.3454,26.6523
9.280,66.81,65.97,67.17,71.54,66.47,70.49,70.61,67.27,17.4396,26.7465
9.312,62.89,66.71,68.91,65.25,62.44,65.28,66.98,73.53,17.5400,26.8470
9.344,65.65,68.86,69.16,60.59,69.22,66.45,70.01,63.04,17.6342,26.9412
9.376,71.89,68.31,69.95,63.27,66.59,71.35,68.62,68.45,17.7284,27.0354
9.408,68.43,66.62,70.84,73.14,64.49,73.43,66.06,73.20,17.8289,27.1296
9.440,70.78,67.62,62.13,64.04,72.82,67.86,66.66,63.86,17.9231,27.2301
9.472,70.01,67.67,67.73,67.63,68.16,61.93,65.96,70.37,18.0173,27.3243
9.504,66.56,62.99,62.97,69.01,63.59,71.18,63.08,65.65,18.1115,27.4185
9.536,72.35,66.14,64.57,65.34,62.21,62.21,64.23,72.57,18.2120,27.5127
9.568,67.80,66.30,66.62,67.53,66.91,65.18,61.74,67.59,18.3062,27.6132
9.600,64.88,67.39,72.10,69.70,71.02,63.51,72.88,69.89,18.4004,27.7074
9.632,65.92,67.52,66.75,68.77,61.70,70.15,68.65,65.47,18.4946,27.8016
9.664,68.04,62.43,67.69,62.96,70.11,62.62,67.72,72.41,18.5951,27.9020
9.696,66.84,63.23,67.96,72.74,69.54,71.84,69.59,68.28,18.6893,27.9962
9.728,63.58,69.36,65.62,64.42,63.48,70.86,67.31,66.28,18.7835,28.0904
9.760,63.57,65.02,65.74,64.01,69.99,71.45,67.53,64.78,18.8840,28.1846
9.792,69.17,69.84,69.57,65.94,67.25,65.79,67.80,69.64,18.9782,28.2851
9.824,66.90,64.14,75.02,72.86,66.12,68.22,68.96,63.79,19.0724,28.3793
9.856,77.32,66.76,65.57,68.15,66.40,65.11,64.34,67.47,19.1666,28.4735
9.888,65.52,73.51,70.64,71.55,68.78,71.60,63.65,67.30,19.2670,28.5677
9.920,66.31,65.36,66.25,65.98,66.83,69.28,67.89,60.26,19.3612,28.6682
9.952,65.33,61.46,66.29,65.54,64.14,69.94,65.71,69.94,19.4554,28.7624
9.984,68.39,64.57,65.62,68.37,65.55,62.05,71.96,66.22,19.5496,28.8566
10.016,69.52,63.06,66.47,68.45,69.92,70.39,61.78,66.84,19.6501,28.9571
10.048,68.56,62.04,63.96,69.06,62.61,66.70,68.33,66.75,19.7443,29.0513
10.080,68.46,63.09,61.65,68.21,72.45,65.68,70.78,68.46,19.8385,29.1455
10.112,60.35,65.54,70.15,67.92,63.41,68.31,71.43,64.62,19.9390,29.2397
10.144,72.18,70.27,66.39,70.42,72.14,66.89,65.78,67.87,20.0332,29.3402
10.176,69.09,64.78,76.16,66.79,67.00,69.15,69.40,64.45,20.1274,29.4344
10.208,68.69,68.56,68.79,60.93,67.95,60.02,61.63,64.59,20.2216,29.5286
10.240,66.46,68.25,65.26,67.26,66.38,64.36,69.00,68.37,20.3221,29.6228
10.272,69.42,64.86,62.52,66.06,68.34,68.59,69.02,67.26,20.4163,29.7232
10.304,67.55,69.33,63.03,67.87,71.68,67.90,69.29,63.03,20.5105,29.8174
10.336,65.35,60.26,68.44,67.13,62.20,69.16,63.61,65.13,20.6110,29.9116
10.368,67.82,65.55,69.43,66.60,68.67,70.12,66.30,65.18,20.7052,30.0121
10.400,69.85,68.59,67.19,67.40,61.69,62.14,67.99,70.04,20.7994,30.1063
10.432,68.43,67.31,65.94,69.27,71.38,67.82,68.94,62.89,20.8936,30.2005
10.464,69.96,63.42,60.55,66.47,63.83,64.99,63.33,68.63,20.9940,30.2947
10.496,63.28,64.88,66.27,71.24,71.92,62.75,67.10,70.90,21.0882,30.3952
10.528,66.20,63.56,64.95,64.95,65.99,66.39,68.34,71.10,21.1824,30.4894
10.560,62.85,69.33,65.64,70.54,65.29,63.11,65.86,64.33,21.2766,30.5836
10.592,63.32,62.12,68.41,64.36,67.07,66.80,64.59,67.41,21.3771,30.6841
10.624,72.53,67.19,67.98,64.24,69.38,65.91,65.24,65.58,21.4713,30.7783
10.656,66.98,63.61,62.20,67.07,68.12,68.63,75.48,65.25,21.5655,30.8725
10.688,66.78,66.47,58.41,66.44,71.70,72.06,64.35,66.21,21.6660,30.9667
10.720,69.78,66.41,69.40,69.94,69.07,65.77,63.82,66.95,21.7602,31.0672
10.752,67.49,70.80,72.91,63.37,67.91,63.81,69.45,62.74,21.8544,31.1614
10.784,65.02,70.25,66.68,69.23,68.26,66.94,60.99,63.04,21.9486,31.2556
10.816,66.65,67.89,69.03,68.66,60.51,64.63,68.82,67.00,22.0491,31.3498
10.848,66.20,71.66,65.78,68.40,66.41,67.92,63.06,67.32,22.1433,31.4502
10.880,65.66,63.60,66.49,67.01,69.38,67.63,66.72,63.46,22.2375,31.5444
10.912,63.04,70.68,67.20,66.12,63.85,69.10,67.77,68.76,22.3317,31.6386
10.944,69.95,67.99,67.00,64.83,68.10,61.65,62.86,65.31,22.4322,31.7391
10.976,68.64,67.71,70.94,64.18,72.47,72.92,68.94,69.86,22.5264,31.8333
11.008,62.46,68.14,61.88,68.72,68.28,68.21,70.68,64.20,22.6206,31.9275
11.040,67.59,69.98,61.72,67.15,71.42,65.18,64.72,65.51,22.7210,32.0217
11.072,62.44,68.94,68.62,67.00,67.69,72.39,66.55,64.94,22.8152,32.1222
11.104,79.61,64.47,62.36,67.99,68.17,62.64,68.44,66.90,22.9094,32.2164
11.136,87.17,68.27,63.46,69.15,70.23,68.40,61.27,72.11,23.0036,32.3106
11.168,94.95,62.73,67.31,66.95,67.76,66.14,74.00,67.38,23.1041,32.4048
11.200,100.51,73.44,66.37,65.88,68.59,62.50,65.11,73.54,23.1983,32.5053
11.232,112.89,76.05,65.20,65.84,62.45,63.70,64.29,69.57,23.2925,32.5995
11.264,116.88,81.18,73.63,67.88,71.88,64.28,68.58,69.70,23.3867,32.6937
11.296,115.01,98.68,66.96,62.82,67.17,68.71,66.46,67.90,23.4872,32.7942
11.328,122.17,107.84,67.46,66.57,69.26,72.38,67.89,73.37,23.5814,32.8884
11.360,136.28,111.76,81.69,68.24,71.58,70.32,65.36,72.01,23.6756,32.9826
11.392,138.98,118.95,88.09,68.08,67.18,64.99,70.04,70.09,23.7761,33.0768
11.424,159.97,119.97,105.76,69.08,68.88,71.10,67.15,63.84,23.8703,33.1772
11.456,164.58,127.10,115.13,63.94,61.97,70.26,70.36,69.61,23.9645,33.2714
11.488,191.49,134.93,123.41,63.43,70.19,67.01,65.39,64.97,24.0587,33.3656
11.520,213.36,152.78,120.65,64.36,68.97,69.28,62.88,71.81,24.1592,33.4598
11.552,238.80,171.88,128.87,65.32,68.24,68.53,68.88,66.86,24.2534,33.5603
11.584,271.62,198.44,144.17,70.56,61.97,65.93,66.17,64.53,24.3476,33.6545
11.616,306.64,216.57,156.52,65.42,65.02,70.22,67.49,70.52,24.4480,33.7487
11.648,355.25,235.38,173.31,67.57,66.73,63.85,70.51,63.96,24.5422,33.8492
11.680,375.93,266.88,202.10,77.60,73.86,69.16,70.72,69.01,24.6364,33.9434
11.712,485.53,325.36,215.16,96.12,65.03,68.83,68.85,67.91,24.7306,34.0376
11.744,573.36,353.97,258.97,113.02,66.87,68.24,62.55,65.16,24.8311,34.1318
11.776,945.40,367.97,342.58,88.77,69.68,63.99,64.02,67.69,24.7809,34.2134
11.808,976.21,333.88,364.16,66.09,64.16,66.92,66.20,69.54,24.7306,34.2951
11.840,945.15,298.15,381.15,68.09,69.69,68.86,64.63,65.28,24.6867,34.3767
11.872,832.19,259.30,428.67,64.54,67.88,66.52,65.78,67.27,24.6364,34.4521
11.904,946.09,228.45,521.83,64.36,67.06,67.73,71.84,69.70,24.5862,34.5337
11.936,1061.08,216.86,711.42,69.34,75.38,64.16,70.23,64.55,24.5422,34.6154
11.968,1142.57,207.28,1065.10,65.54,67.27,66.29,70.11,70.69,24.4920,34.6907
12.000,1106.64,167.85,1241.65,67.18,90.80,57.45,70.23,58.64,24.4418,34.7724
12.032,1040.11,145.78,1445.63,64.42,114.19,62.76,71.11,67.95,24.3978,34.8540
12.064,969.42,136.25,1564.87,62.29,118.51,69.02,67.13,64.98,24.3476,34.9356
12.096,926.91,112.34,1658.72,71.36,148.54,66.04,68.58,68.09,24.3036,35.0110
12.128,755.36,105.42,1746.27,73.64,167.74,59.32,69.10,68.21,24.2534,35.0926
12.160,593.80,83.82,1831.57,62.91,195.07,75.05,63.18,68.77,24.2031,35.1743
12.192,563.07,67.43,1871.49,62.91,238.89,65.57,61.85,66.32,24.1592,35.2559
12.224,436.19,68.26,1910.51,63.11,307.33,68.58,72.27,67.86,24.0273,35.3815
12.256,334.61,59.04,1848.79,64.26,379.50,66.31,65.57,75.04,23.9017,35.5071
12.288,263.34,66.56,1729.40,66.26,537.37,71.60,60.41,66.59,23.7761,35.6390
12.320,216.00,71.29,1631.98,69.50,572.10,63.10,62.31,70.14,23.7258,35.7144
12.352,188.76,77.20,1538.14,69.27,712.47,67.70,64.27,66.19,23.6756,35.7960
12.384,168.72,62.86,1477.97,69.06,1007.54,69.91,69.46,65.55,23.6316,35.8776
12.416,151.98,63.67,1294.97,71.07,1183.38,72.63,68.42,69.29,23.5814,35.9593
12.448,114.96,68.55,1127.93,70.08,1305.88,66.85,71.22,65.22,23.5312,36.0346
12.480,101.64,68.17,860.95,70.52,1454.15,65.13,72.22,59.06,23.4872,36.1163
12.512,85.47,65.86,625.70,73.18,1517.93,67.47,69.20,63.96,23.4370,36.1979
12.544,69.02,68.70,540.33,66.28,1596.57,67.45,63.08,68.78,23.3930,36.2733
12.576,65.07,60.67,445.70,70.44,1625.56,68.52,66.50,62.03,23.3428,36.3549
12.608,65.21,62.91,373.41,69.61,1631.72,65.45,65.64,67.63,23.2925,36.4366
12.640,70.32,69.63,361.14,68.24,1651.67,73.78,67.94,77.10,23.3553,36.5308
12.672,65.31,65.77,349.44,67.45,1681.38,66.91,73.91,62.32,23.4244,36.6250
12.704,70.18,66.35,332.93,74.90,1669.22,62.54,86.70,65.62,23.4872,36.7254
12.736,66.52,69.56,340.91,69.61,1683.11,63.81,96.81,64.46,23.5500,36.8196
12.768,71.32,67.91,335.32,66.48,1647.19,70.26,103.22,65.04,23.6128,36.9138
12.800,66.57,64.46,327.25,69.17,1661.26,71.39,103.38,62.87,23.6756,37.0143
12.832,63.06,66.84,304.96,64.74,1653.81,70.86,108.72,62.26,23.7447,37.1085
12.864,66.79,68.19,283.57,64.20,1643.93,63.58,117.54,68.05,23.8075,37.2027
12.896,62.83,59.82,268.89,64.68,1642.85,68.78,120.23,70.20,23.8703,37.2969
12.928,69.07,66.45,259.03,70.45,1624.56,65.43,113.32,69.39,23.9331,37.3974
12.960,69.72,67.05,237.33,66.28,1585.48,63.42,111.69,67.35,23.9959,37.4916
12.992,63.67,67.40,226.03,66.82,1533.82,71.34,124.70,67.56,24.0587,37.5858
13.024,64.45,68.86,209.00,67.32,1524.52,64.23,123.91,67.95,24.1278,37.6800
13.056,68.15,67.62,201.91,71.34,1468.25,67.59,133.47,69.70,24.1906,37.7805
13.088,61.54,65.28,194.95,68.24,1430.88,71.62,136.18,66.74,24.2534,37.8747
13.120,64.02,73.90,172.92,67.98,1353.07,62.61,139.12,71.22,24.3162,37.9689
13.152,58.47,73.33,170.11,66.88,1297.71,61.39,144.81,64.75,24.3790,38.0694
13.184,70.71,69.09,154.81,69.07,1194.02,67.78,151.45,71.92,24.4480,38.1636
13.216,65.99,69.22,155.62,63.92,1121.60,64.30,149.67,69.66,24.5108,38.2578
13.248,62.52,59.37,145.33,69.38,1063.16,72.98,142.38,62.79,24.5736,38.3520
13.280,69.82,69.60,132.26,66.72,1004.66,70.68,150.63,66.79,24.6364,38.4524
13.312,66.50,70.75,123.84,64.79,912.33,66.68,152.87,71.32,24.6992,38.5466
13.344,71.78,66.02,126.85,67.24,773.48,67.34,156.43,68.08,24.7683,38.6408
13.376,72.45,61.05,115.68,64.05,622.32,69.77,159.34,64.61,24.8625,38.7413
13.408,67.13,66.48,112.40,65.23,591.11,74.17,155.63,61.52,24.9567,38.8355
13.440,68.15,66.35,110.06,69.31,571.76,71.13,144.61,62.86,25.0509,38.9297
13.472,66.49,67.23,116.74,67.52,540.11,60.88,142.22,64.46,25.1514,39.0239
13.504,65.91,62.10,110.75,67.98,522.81,69.05,137.89,63.77,25.2456,39.1244
13.536,60.10,65.44,114.34,64.03,476.80,66.56,138.67,62.37,25.3398,39.2186
13.568,66.12,68.46,107.66,67.16,470.67,67.63,144.69,60.96,25.4340,39.3128
13.600,71.27,63.50,110.21,65.13,452.84,70.52,138.89,64.96,25.5345,39.4070
13.632,72.09,70.83,96.47,67.21,425.85,69.71,124.38,63.84,25.6287,39.5075
13.664,65.21,65.01,97.26,64.59,392.34,67.14,126.73,67.08,25.7229,39.6017
13.696,66.81,64.22,99.36,67.55,381.16,69.05,121.94,63.89,25.8234,39.6959
13.728,67.01,69.73,95.73,67.56,373.04,66.68,120.36,68.87,25.9176,39.7964
13.760,64.35,70.10,87.30,65.92,353.03,68.32,118.50,68.55,26.0118,39.8906
13.792,73.37,68.73,85.47,68.20,351.37,66.07,110.87,70.19,26.1060,39.9848
13.824,68.09,69.93,77.02,66.69,340.33,67.26,110.39,67.30,26.2064,40.0790
13.856,66.91,68.54,77.54,70.32,346.87,66.07,116.00,66.46,26.3006,40.1794
13.888,60.50,62.78,71.80,67.06,326.50,67.54,107.49,64.57,26.3948,40.2736
13.920,56.39,63.37,74.55,64.53,325.42,63.03,111.46,69.30,26.4890,40.3678
13.952,68.81,70.40,66.79,64.50,304.78,68.78,106.66,66.62,26.5895,40.4620
13.984,69.53,62.82,59.63,63.17,297.27,61.44,108.79,67.87,26.6837,40.5625
14.016,72.38,62.76,66.75,63.94,300.94,64.74,110.25,67.43,26.7779,40.6567
14.048,71.32,67.66,67.22,63.48,296.04,67.29,107.48,67.44,26.8784,40.7509
14.080,69.75,73.92,66.54,63.70,273.03,69.84,104.92,66.04,26.9726,40.8514
14.112,68.46,72.06,65.75,66.54,267.51,66.85,104.72,77.53,27.0668,40.9456
14.144,67.02,63.74,66.25,63.62,262.27,61.77,104.73,70.10,27.1610,41.0398
14.176,65.06,65.00,66.76,69.31,254.17,66.81,93.64,67.36,27.2615,41.1340
14.208,66.12,71.62,64.24,66.72,256.22,67.22,85.05,65.29,27.3557,41.2345
14.240,63.72,66.39,63.35,63.69,228.52,67.14,90.58,65.52,27.4499,41.3287
14.272,69.91,63.63,71.78,64.99,234.44,62.53,84.34,66.53,27.5441,41.4229
14.304,71.45,67.06,68.95,65.55,232.01,66.51,80.93,66.50,27.6446,41.5234
14.336,75.89,61.15,65.02,69.52,209.32,66.58,77.74,62.60,27.7388,41.6176
14.368,69.66,67.14,66.64,69.36,216.10,62.55,78.54,65.33,27.8330,41.7118
14.400,63.05,69.88,69.32,66.00,210.80,64.16,70.71,63.26,27.9334,41.8060
14.432,68.66,67.69,68.57,66.96,202.64,60.17,71.03,69.69,28.0276,41.9064
14.464,69.35,66.79,65.93,65.38,206.49,66.86,73.25,71.57,28.1218,42.0006
14.496,70.23,65.56,68.24,71.81,188.70,67.11,66.84,65.54,28.2160,42.0948
14.528,67.45,70.02,65.60,71.08,197.74,70.35,66.88,68.26,28.3165,42.1890
14.560,68.72,64.58,67.12,66.67,189.31,62.22,66.64,71.32,28.4107,42.2895
14.592,61.17,70.24,61.95,66.11,178.60,65.40,64.38,71.14,28.5049,42.3837
14.624,68.93,64.58,72.76,68.06,176.39,68.78,69.38,64.88,28.6054,42.4779
14.656,64.07,61.86,75.17,64.71,178.81,65.88,69.01,69.81,28.6996,42.5784
14.688,66.46,60.51,68.76,66.01,170.80,66.75,66.73,69.52,28.7938,42.6726
14.720,68.90,66.29,68.20,67.56,165.86,67.40,63.13,64.53,28.8880,42.7668
14.752,63.76,64.50,65.55,67.40,156.73,71.82,67.63,66.93,28.9885,42.8610
14.784,75.73,67.86,68.84,71.73,159.77,64.09,62.69,65.84,29.0827,42.9615
14.816,62.64,67.67,60.96,64.22,157.79,69.99,61.40,65.43,29.1769,43.0557
14.848,70.45,61.88,64.05,63.90,154.99,68.97,64.48,72.36,29.2711,43.1499
14.880,66.58,73.27,69.41,65.67,160.84,72.83,69.54,72.32,29.3716,43.2441
14.912,67.47,63.55,70.72,67.42,146.44,71.83,65.58,64.23,29.4658,43.3446
14.944,67.30,70.48,72.00,70.97,154.20,69.78,62.54,71.44,29.5600,43.4388
14.976,64.39,66.16,63.14,67.61,150.19,70.54,63.77,72.06,29.6604,43.5330
15.008,67.11,64.26,60.46,64.99,138.31,61.97,66.15,67.26,29.7546,43.6334
15.040,63.48,66.14,67.68,63.69,140.73,71.05,72.22,71.17,29.8488,43.7276
15.072,72.17,64.32,69.39,64.67,139.78,63.97,67.30,64.97,29.9430,43.8218
15.104,64.79,64.46,63.68,67.60,137.82,70.13,63.59,68.47,30.0435,43.9160
15.136,68.35,62.68,70.33,69.78,134.50,66.89,67.43,67.77,30.1377,44.0165
15.168,66.90,70.37,65.01,64.08,141.79,69.05,65.37,72.50,30.2319,44.1107
15.200,68.56,74.97,66.33,66.43,144.76,65.93,66.18,66.54,30.3261,44.2049
15.232,71.02,64.03,63.45,65.43,131.92,72.59,69.53,68.03,30.4266,44.2991
15.264,63.34,73.90,65.48,72.44,124.28,69.75,62.87,67.74,30.5208,44.3996
15.296,69.59,65.16,68.71,63.72,119.78,66.79,75.02,71.24,30.6150,44.4938
15.328,63.88,71.30,64.62,63.60,125.48,65.53,68.17,59.62,30.7155,44.5880
15.360,70.07,68.49,68.22,74.25,120.34,70.02,65.21,67.57,30.8097,44.6885
15.392,68.83,62.86,64.96,67.32,116.73,65.33,66.20,68.26,30.9039,44.7827
15.424,73.81,66.90,69.72,66.12,111.35,70.05,70.85,66.07,30.9981,44.8769
15.456,67.75,69.25,60.60,72.49,118.26,66.93,71.46,72.07,31.0986,44.9711
15.488,64.97,67.99,63.32,66.06,114.00,63.28,67.33,66.56,31.1928,45.0716
15.520,80.90,64.82,68.44,63.59,116.57,67.21,71.35,63.95,31.2870,45.1658
15.552,88.52,63.39,63.88,66.71,121.67,65.63,65.81,64.31,31.3812,45.2600
15.584,93.79,66.77,64.64,72.22,114.99,62.74,69.54,65.18,31.4816,45.3604
15.616,105.84,63.72,65.89,67.90,118.11,67.53,64.87,70.58,31.5758,45.4546
15.648,109.85,68.09,70.34,73.50,111.11,68.00,63.99,66.79,31.6700,45.5488
15.680,112.07,65.85,68.44,72.45,110.17,73.90,65.60,65.59,31.7705,45.6430
15.712,116.05,77.37,64.50,68.68,107.29,70.38,68.77,68.29,31.8647,45.7435
15.744,116.67,87.08,77.28,67.77,105.30,67.41,69.05,66.38,31.9589,45.8377
15.776,132.06,99.42,93.18,69.41,117.36,63.48,65.77,62.83,32.0531,45.9319
15.808,146.24,107.01,102.85,63.66,108.64,66.12,61.22,63.72,32.1536,46.0261
15.840,147.92,108.16,106.76,65.08,107.49,66.15,77.60,69.63,32.2478,46.1266
15.872,162.58,117.65,111.64,64.74,105.64,63.31,66.27,66.56,32.3420,46.2208
15.904,182.13,128.98,122.73,67.63,104.71,62.58,73.26,69.02,32.4425,46.3150
15.936,209.17,139.96,125.87,73.23,102.02,69.19,67.80,66.27,32.5367,46.4155
15.968,227.79,148.02,137.56,62.57,102.16,64.68,67.61,71.52,32.6309,46.5097
16.000,254.24,160.90,146.34,65.58,104.85,74.30,71.59,65.06,32.7251,46.6039
16.032,289.00,186.03,169.43,73.71,99.86,67.57,71.99,66.10,32.8256,46.6981
16.064,322.90,201.85,186.17,67.44,98.84,66.70,69.27,72.88,32.9198,46.7986
16.096,357.77,232.71,214.62,67.97,97.73,65.71,67.03,66.88,33.0140,46.8928
16.128,448.22,271.39,224.21,65.50,93.36,65.93,71.25,68.00,33.1082,46.9870
16.160,559.07,316.61,288.62,67.67,87.79,62.06,65.63,66.31,33.2086,47.0812
16.192,762.23,316.97,338.56,68.36,77.98,68.78,65.48,63.03,33.1584,47.1628
16.224,756.94,272.41,371.06,67.15,70.55,65.81,66.44,69.46,33.1082,47.2444
16.256,668.73,243.98,383.07,73.07,75.27,66.11,62.95,68.88,33.0642,47.3261
16.288,643.76,216.93,456.41,71.45,67.60,72.36,74.89,67.12,33.0140,47.4014
16.320,732.37,185.69,527.22,64.81,66.75,69.06,67.77,66.80,32.9700,47.4831
16.352,747.35,173.29,647.31,68.53,71.75,68.43,65.19,68.18,32.9198,47.5647
16.384,810.60,151.12,960.21,66.09,75.96,70.41,65.14,71.48,32.8695,47.6464
16.416,777.18,134.46,1199.10,68.74,105.84,69.89,73.52,67.67,32.8256,47.7217
16.448,739.81,123.08,1315.19,66.93,117.84,68.99,63.01,62.60,32.7753,47.8034
16.480,597.42,111.15,1471.86,67.92,143.00,65.58,70.64,69.85,32.7251,47.8850
16.512,563.87,99.48,1537.71,66.35,155.14,67.72,72.62,64.37,32.6811,47.9604
16.544,525.86,77.39,1605.50,68.90,184.47,63.84,80.43,64.82,32.6309,48.0420
16.576,475.01,69.09,1674.61,69.83,214.65,70.48,84.41,69.99,32.5806,48.1236
16.608,428.83,64.55,1723.22,66.09,244.85,68.39,82.11,67.91,32.5367,48.2053
16.640,370.18,61.63,1772.52,69.58,290.35,70.31,88.63,66.20,32.4864,48.2806
16.672,350.33,67.98,1773.15,65.17,330.47,70.90,96.16,63.38,32.4362,48.3623
16.704,327.61,63.02,1766.86,63.79,374.85,72.49,93.52,67.09,32.3922,48.4439
16.736,292.64,61.82,1748.48,71.47,425.61,63.63,87.28,67.20,32.3420,48.5256
16.768,263.71,64.81,1702.85,68.42,496.11,66.26,98.33,70.33,32.2980,48.6009
16.800,209.19,69.90,1650.62,66.51,569.45,69.39,89.79,66.09,32.2478,48.6826
16.832,204.93,68.96,1591.84,67.51,720.27,68.50,85.85,62.54,32.1976,48.7642
16.864,168.35,68.19,1483.67,71.25,958.63,62.76,83.19,60.58,32.1536,48.8458
16.896,146.04,67.81,1346.07,67.86,1086.87,68.68,91.19,67.69,32.1034,48.9212
16.928,121.62,64.91,1199.48,70.32,1294.16,65.25,73.32,68.36,32.0531,49.0028
16.960,120.91,66.85,960.21,68.80,1409.95,67.74,72.24,60.00,32.0092,49.0845
16.992,90.75,69.71,666.18,65.87,1506.25,60.51,61.73,62.84,31.9589,49.1598
17.024,65.59,68.76,569.78,67.73,1559.09,70.88,68.53,64.49,31.9087,49.2415
17.056,70.08,67.79,457.88,69.59,1619.97,61.63,69.27,73.27,31.8647,49.3231
17.088,70.68,68.14,367.48,68.80,1647.33,68.81,66.69,70.57,31.8145,49.4048
17.120,68.61,68.80,354.21,71.08,1658.17,66.33,66.91,64.65,31.8773,49.4990
17.152,71.81,66.71,353.97,68.91,1654.82,64.85,70.53,65.02,31.9464,49.5932
17.184,65.18,71.96,356.20,73.54,1679.63,67.92,78.75,63.52,32.0092,49.6874
17.216,62.47,64.30,340.10,64.43,1672.71,67.81,91.57,69.94,32.0720,49.7878
17.248,65.24,64.88,324.45,61.78,1690.94,74.16,98.40,64.24,32.1348,49.8820
17.280,69.28,58.65,309.77,70.27,1677.47,69.02,104.27,65.36,32.1976,49.9762
17.312,68.70,65.67,308.01,65.84,1667.56,68.78,112.68,58.27,32.2604,50.0767
17.344,72.20,65.46,290.48,60.14,1644.58,68.50,108.87,61.09,32.3294,50.1709
17.376,70.81,66.86,276.11,65.14,1633.43,65.49,116.19,68.60,32.3922,50.2714
17.408,62.16,68.23,272.58,67.38,1619.19,66.05,112.80,64.95,32.4550,50.3593
17.440,62.57,66.53,238.95,68.83,1599.65,72.27,125.93,70.99,32.5178,50.4598
17.472,72.96,70.86,228.93,66.89,1561.27,69.61,121.02,67.89,32.5806,50.5540
17.504,66.14,67.60,216.45,64.02,1528.29,64.28,129.42,70.58,32.6497,50.6482
17.536,68.25,64.56,219.07,72.57,1505.82,68.23,134.11,65.34,32.7125,50.7424
17.568,72.73,70.35,205.90,67.89,1433.09,67.36,131.60,72.72,32.7753,50.8429
17.600,60.19,70.86,191.19,69.42,1360.57,64.48,140.49,73.78,32.8381,50.9371
17.632,69.00,70.00,168.79,61.42,1338.30,68.00,138.31,66.26,32.9009,51.0313
17.664,67.25,66.67,166.56,67.64,1257.80,70.44,150.13,66.06,32.9637,51.1318
17.696,65.01,70.79,155.57,64.23,1118.33,69.28,145.14,62.54,33.0328,51.2260
17.728,65.38,63.02,151.31,67.34,1076.02,66.44,154.00,66.48,33.0956,51.3202
17.760,66.18,66.50,142.25,65.97,985.55,64.54,153.50,69.17,33.1584,51.4144
17.792,60.01,66.74,132.38,66.37,944.30,64.70,156.94,72.39,33.2212,51.5148
17.824,67.37,66.04,119.67,66.60,791.06,57.48,157.78,71.30,33.2840,51.6090
17.856,66.19,71.40,125.39,64.70,713.82,66.07,151.29,67.29,33.3845,51.7032
17.888,65.19,67.46,116.66,69.05,632.60,62.94,152.49,68.43,33.4787,51.8037
17.920,70.99,62.71,114.14,66.19,552.35,64.98,148.91,72.17,33.5729,51.8979
17.952,61.94,64.76,122.89,66.34,540.31,63.59,146.35,67.48,33.6734,51.9921
17.984,61.63,65.76,114.99,67.87,503.14,70.99,142.71,75.39,33.7676,52.0863
18.016,67.43,67.81,111.45,65.69,506.63,67.21,132.39,69.60,33.8618,52.1868
18.048,67.21,70.71,111.09,63.71,482.30,68.18,118.32,71.93,33.9560,52.2810
18.080,67.23,70.10,105.75,70.81,472.89,71.45,123.44,65.82,34.0564,52.3752
18.112,65.72,66.36,105.91,73.21,425.63,70.57,123.71,68.39,34.1506,52.4694
18.144,60.90,69.69,100.00,63.93,406.26,67.84,128.08,66.85,34.2448,52.5699
18.176,68.66,67.77,103.19,68.91,373.83,68.33,114.67,63.50,34.3390,52.6641
18.208,66.19,63.83,95.04,69.39,370.98,67.65,116.18,67.93,34.4395,52.7583
18.240,64.96,65.96,100.56,69.59,364.81,66.82,120.39,65.48,34.5337,52.8588
18.272,66.82,72.98,100.71,64.56,355.96,66.89,114.09,68.89,34.6279,52.9530
18.304,70.24,71.93,85.94,71.02,357.81,63.51,114.71,64.09,34.7284,53.0472
18.336,69.80,67.20,83.77,65.60,338.80,72.09,114.81,74.57,34.8226,53.1414
18.368,66.19,69.30,81.59,70.05,340.29,70.28,114.71,67.53,34.9168,53.2418
18.400,69.57,67.27,74.53,61.72,321.61,68.24,108.82,69.04,35.0110,53.3360
18.432,71.04,68.06,74.82,64.37,325.24,69.19,107.89,63.83,35.1115,53.4302
18.464,66.71,62.86,69.26,68.31,306.71,70.46,113.55,63.08,35.2057,53.5244
18.496,66.05,59.56,67.82,63.71,306.09,63.41,103.65,67.29,35.2999,53.6249
18.528,64.78,65.46,68.94,66.83,288.55,66.15,100.93,69.18,35.3941,53.7191
18.560,70.16,70.15,70.42,71.85,287.41,70.62,104.58,63.39,35.4946,53.8133
18.592,64.84,68.06,75.25,66.28,283.82,65.15,101.92,65.22,35.5888,53.9138
18.624,64.47,69.13,63.47,70.19,272.14,67.24,95.71,64.25,35.6830,54.0080
18.656,63.85,66.10,64.87,67.15,262.81,66.22,91.46,68.27,35.7834,54.1022
18.688,65.84,71.29,67.53,71.11,251.98,71.26,90.82,67.04,35.8776,54.1964
18.720,71.40,71.09,68.40,66.93,241.82,64.30,81.52,69.01,35.9718,54.2969
18.752,66.10,69.41,69.43,64.31,225.33,65.79,88.12,59.62,36.0660,54.3911
18.784,67.29,70.50,67.42,65.47,229.37,67.75,80.61,63.78,36.1665,54.4853
18.816,73.82,71.41,74.36,71.28,234.88,67.81,74.30,63.41,36.2607,54.5795
18.848,69.22,62.89,62.72,67.63,221.49,68.45,78.25,66.43,36.3549,54.6800
18.880,60.92,68.83,61.23,66.25,226.60,62.55,71.32,64.88,36.4554,54.7742
18.912,70.89,63.18,66.15,65.27,210.77,65.91,69.05,64.63,36.5496,54.8684
18.944,66.68,64.44,64.02,71.35,204.34,65.18,66.11,62.20,36.6438,54.9688
18.976,71.27,66.46,69.74,69.30,210.56,68.78,63.95,65.97,36.7380,55.0630
19.008,63.70,62.80,64.23,64.43,195.78,65.53,64.08,67.52,36.8385,55.1572
19.040,59.73,65.66,68.03,73.32,200.87,65.21,67.01,66.90,36.9327,55.2514
19.072,61.88,69.05,62.63,71.58,194.88,68.62,75.63,65.61,37.0269,55.3519
19.104,63.45,68.89,65.82,67.75,182.07,67.07,66.38,64.27,37.1211,55.4461
19.136,68.17,67.00,65.06,71.44,189.30,69.43,65.78,68.76,37.2216,55.5403
19.168,66.96,66.85,74.03,69.17,179.77,67.55,68.09,66.29,37.3158,55.6408
19.200,66.33,68.46,68.89,68.95,179.76,70.03,66.76,66.45,37.4100,55.7350
19.232,64.25,68.96,70.18,66.70,168.22,64.55,64.60,62.38,37.5104,55.8292
19.264,70.97,71.30,68.55,68.47,177.85,64.15,67.74,68.32,37.6046,55.9234
19.296,65.83,72.18,64.71,68.38,166.61,65.60,68.62,60.86,37.6988,56.0239
19.328,62.24,62.58,69.91,61.84,159.03,63.42,68.70,71.35,37.7930,56.1181
19.360,65.52,71.35,71.60,65.40,147.50,64.85,61.50,64.95,37.8935,56.2123
19.392,68.84,65.23,67.89,65.43,158.29,66.94,68.49,67.60,37.9877,56.3065
19.424,62.50,65.55,63.35,67.30,153.91,66.75,61.11,63.72,38.0819,56.4070
19.456,68.22,64.95,71.59,67.05,147.09,67.94,70.24,65.14,38.1761,56.5012
19.488,63.61,69.55,67.40,63.43,147.57,64.28,58.72,66.03,38.2766,56.5954
19.520,63.54,68.79,69.40,69.70,138.59,65.59,70.97,65.49,38.3708,56.6958
19.552,68.98,73.61,61.37,66.59,145.18,63.06,69.98,68.17,38.4650,56.7900
19.584,67.72,60.23,67.23,66.47,141.48,59.16,63.02,66.85,38.5655,56.8842
19.616,65.58,67.25,63.90,66.46,139.49,71.48,63.49,68.85,38.6597,56.9784
19.648,68.33,71.63,71.06,66.85,131.59,66.28,70.75,60.54,38.7539,57.0789
19.680,65.93,66.40,69.81,68.95,129.80,65.83,67.85,68.06,38.8481,57.1731
19.712,64.15,70.02,68.28,61.58,137.91,72.58,67.60,66.29,38.9486,57.2673
19.744,63.91,65.24,68.37,68.79,127.47,64.38,68.92,68.66,39.0428,57.3615
19.776,63.67,61.23,62.57,63.76,130.88,66.47,68.45,69.62,39.1370,57.4620
19.808,67.49,67.51,66.78,63.01,124.69,57.73,64.70,61.34,39.2312,57.5562
19.840,65.48,71.20,70.37,67.75,131.26,66.61,70.53,66.00,39.3316,57.6504
19.872,67.09,65.99,68.62,67.04,117.46,61.72,66.12,67.60,39.4258,57.7509
19.904,62.17,71.57,66.20,72.01,118.90,71.92,73.29,64.44,39.5200,57.8451
19.936,60.49,74.42,73.90,65.28,111.35,71.54,68.93,68.21,39.6205,57.9393
19.968,68.11,72.03,66.36,69.69,126.25,68.15,70.37,72.70,39.7147,58.0335
20.000,60.18,67.68,68.20,67.15,115.20,70.12,72.82,67.27,39.8089,58.1340
20.032,67.34,68.31,64.64,69.33,106.59,70.69,70.74,71.95,39.9031,58.2282
20.064,67.96,70.47,73.68,63.39,124.90,67.88,66.34,72.24,40.0036,58.3224
20.096,68.16,68.37,67.70,65.73,108.86,68.27,60.78,65.02,40.0978,58.4166
20.128,65.81,59.29,71.87,65.84,110.65,64.48,70.19,66.99,40.1920,58.5170
20.160,67.78,71.46,69.24,71.16,119.19,70.62,70.23,63.45,40.2925,58.6112
20.192,63.12,73.57,67.35,71.28,109.27,67.13,66.31,64.01,40.3867,58.7054
20.224,68.15,67.26,65.55,65.69,111.01,70.85,61.28,64.87,40.4809,58.8059
20.256,76.39,62.34,67.97,68.70,113.24,69.63,68.90,66.92,40.5751,58.9001
20.288,70.54,67.82,69.16,66.48,105.45,64.74,67.64,69.04,40.6756,58.9943
20.320,69.50,69.32,65.06,69.42,106.02,73.77,69.40,64.16,40.7698,59.0885
20.352,66.32,67.04,69.79,71.25,108.49,68.94,69.18,67.37,40.8640,59.1890
20.384,63.55,63.54,71.62,65.20,111.73,67.71,70.82,68.57,40.9582,59.2832
20.416,70.30,71.05,68.18,63.26,104.60,65.84,67.74,62.62,41.0586,59.3774
20.448,64.23,69.89,60.76,65.12,104.23,68.06,64.73,77.03,41.1528,59.4779
20.480,63.27,68.49,65.35,66.18,105.21,63.94,61.58,68.38,41.2470,59.5721
20.512,65.10,73.46,69.15,71.00,101.56,72.90,65.25,67.18,41.3475,59.6663
20.544,61.23,68.75,68.17,71.35,96.69,69.17,70.76,69.53,41.4417,59.7605
20.576,63.52,69.36,66.46,70.57,100.61,68.51,62.66,66.55,41.5359,59.8610
20.608,71.66,69.84,71.49,67.29,97.52,59.54,67.32,61.51,41.6301,59.9552
20.640,69.01,69.32,64.94,59.82,88.24,63.83,66.26,70.22,41.7306,60.0494
20.672,68.74,65.08,71.90,68.62,96.36,69.16,69.87,61.68,41.8248,60.1436
20.704,67.04,68.14,66.36,74.00,88.62,64.46,67.16,70.77,41.9190,60.2440
20.736,69.48,65.37,70.17,67.48,87.37,72.24,64.91,73.87,42.0132,60.3382
20.768,61.47,63.15,70.36,63.53,84.53,65.62,69.88,69.25,42.1137,60.4324
20.800,67.17,69.08,63.73,63.02,86.19,65.09,67.37,65.91,42.2079,60.5329
20.832,67.84,70.73,71.65,70.44,82.50,59.75,72.26,72.73,42.3021,60.6271
20.864,71.81,59.61,67.80,63.75,75.93,65.90,69.40,68.56,42.4026,60.7213
20.896,63.59,61.09,67.19,67.45,76.51,63.88,64.12,68.24,42.4968,60.8155
20.928,105.12,68.94,71.66,68.16,82.66,69.14,64.81,71.45,42.5910,60.9160
20.960,115.07,66.93,77.72,66.55,70.87,70.66,69.26,64.14,42.6852,61.0102
20.992,109.22,78.75,69.42,63.88,71.88,70.14,69.31,66.25,42.7856,61.1044
21.024,129.31,87.73,67.17,69.57,70.82,60.39,67.87,59.86,42.8798,61.1986
21.056,110.61,97.39,67.81,68.82,66.96,63.72,70.50,69.41,42.9740,61.2991
21.088,123.49,98.04,68.79,61.39,64.47,73.36,65.22,66.89,43.0682,61.3933
21.120,135.45,109.44,64.74,68.26,65.14,71.56,70.17,61.80,43.1687,61.4875
21.152,135.94,99.89,65.60,60.35,69.03,68.59,66.48,63.60,43.2629,61.5880
21.184,153.42,113.38,65.37,62.79,68.64,67.90,68.41,68.44,43.3571,61.6822
21.216,157.28,124.48,68.21,66.63,62.48,64.26,68.87,68.13,43.4576,61.7764
21.248,162.32,120.27,71.86,66.99,63.34,69.05,67.54,71.69,43.5518,61.8706
21.280,187.85,137.41,61.98,71.76,61.89,65.17,64.69,63.91,43.6460,61.9710
21.312,200.42,140.08,69.32,67.36,61.31,65.97,64.74,68.18,43.7402,62.0652
21.344,215.88,152.74,68.44,69.55,68.07,72.92,67.58,71.31,43.8407,62.1594
21.376,225.67,158.39,61.03,62.08,67.87,64.12,65.62,72.85,43.9349,62.2536
21.408,248.21,168.97,65.78,68.24,60.62,63.23,67.52,65.99,44.0291,62.3541
21.440,270.99,188.36,72.46,73.33,67.09,69.19,70.79,68.26,44.1233,62.4483
21.472,305.46,195.94,65.76,67.32,74.15,68.47,68.86,68.46,44.2238,62.5425
21.504,337.21,229.92,65.81,64.97,64.36,69.33,67.61,69.81,44.3180,62.6430
21.536,364.33,238.64,68.42,69.22,65.00,63.44,70.95,65.47,44.4122,62.7372
21.568,396.62,271.96,73.53,76.06,66.76,66.09,65.84,71.02,44.5126,62.8314
21.600,472.96,304.64,65.26,97.74,65.70,68.00,69.67,67.22,44.6068,62.9256
21.632,529.99,295.56,68.00,62.05,63.68,66.76,66.34,69.73,44.5566,63.0072
21.664,548.06,276.94,66.89,68.72,66.91,67.85,62.90,70.78,44.5126,63.0889
21.696,514.01,238.67,63.01,67.43,67.39,65.61,66.98,57.78,44.4624,63.1705
21.728,532.01,227.34,61.89,68.26,70.77,68.66,70.48,59.68,44.4122,63.2459
21.760,546.75,209.58,65.31,62.17,65.67,71.86,63.56,69.72,44.3682,63.3275
21.792,582.75,188.15,507.92,62.51,69.60,72.89,59.56,68.09,44.3180,63.4092
21.824,549.10,169.70,528.84,71.09,64.57,62.11,69.03,67.04,44.2677,63.4845
21.856,517.99,151.54,588.10,64.21,65.63,71.02,66.85,69.00,44.2238,63.5662
21.888,501.19,133.16,697.30,63.80,62.93,68.31,61.24,67.77,44.1735,63.6478
21.920,480.14,118.24,857.96,67.66,70.52,70.90,70.20,70.77,44.1233,63.7294
21.952,459.18,110.02,926.24,67.24,62.52,67.27,67.08,62.03,44.0793,63.8048
21.984,441.18,67.25,1026.05,64.70,66.50,67.17,64.57,63.65,44.0291,63.8864
22.016,396.30,72.20,1085.23,66.75,64.39,66.10,66.50,70.23,43.9788,63.9681
22.048,370.06,65.86,1132.51,60.60,64.89,68.91,68.96,69.91,43.9349,64.0497
22.080,345.77,69.21,1190.87,66.73,67.14,71.04,70.55,66.51,43.8846,64.1251
22.112,331.08,71.67,1207.01,61.84,63.57,64.36,67.45,70.44,43.8407,64.2067
22.144,306.61,67.04,1160.72,71.64,65.59,69.50,70.71,67.51,43.7904,64.2884
22.176,281.68,65.47,1152.09,68.27,68.59,67.81,60.31,68.08,43.7402,64.3700
22.208,236.65,67.03,1064.80,68.80,63.48,74.11,69.56,65.91,43.6962,64.4454
22.240,219.56,65.45,991.07,63.15,59.25,64.62,67.28,65.36,43.6460,64.5270
22.272,195.82,67.51,950.18,68.00,492.46,67.41,73.15,70.34,43.5958,64.6086
22.304,175.11,70.92,832.64,73.15,559.25,61.87,69.92,67.60,43.5518,64.6840
22.336,151.78,63.91,666.72,67.27,596.63,64.86,65.11,69.81,43.5016,64.7656
22.368,137.43,71.32,588.77,67.48,722.03,69.85,62.07,66.02,43.4513,64.8473
22.400,110.81,65.06,526.84,66.37,840.52,64.10,67.49,69.72,43.4074,64.9289
22.432,70.67,67.52,486.27,65.31,904.64,71.80,68.16,67.09,43.3571,65.0043
22.464,71.08,68.36,411.22,69.95,981.38,69.98,72.35,70.12,43.3132,65.0859
22.496,67.23,68.09,372.48,66.81,1018.26,67.12,62.66,66.83,43.2629,65.1676
22.528,64.73,72.98,363.59,65.50,1011.69,67.73,68.27,67.51,43.3257,65.2618
22.560,69.21,68.07,347.13,69.31,1104.59,67.17,67.57,70.58,43.3885,65.3560
22.592,68.88,69.45,363.66,64.46,1126.43,71.54,71.92,66.73,43.4513,65.4564
22.624,67.04,64.71,351.47,69.73,1148.68,69.87,70.98,68.04,43.5204,65.5506
22.656,74.34,62.06,342.40,69.80,1158.77,67.24,65.27,68.35,43.5832,65.6448
22.688,66.55,65.10,330.86,73.48,1194.78,72.41,59.87,69.49,43.6460,65.7453
22.720,68.47,66.05,320.79,66.99,1182.47,64.23,63.38,75.04,43.7088,65.8395
22.752,68.55,66.04,320.49,69.29,1156.16,64.84,74.18,65.09,43.7716,65.9337
22.784,65.91,61.59,301.25,63.93,1155.94,59.08,68.42,69.34,43.8407,66.0279
22.816,67.44,70.54,308.91,69.27,1145.08,65.14,66.00,67.99,43.9035,66.1284
22.848,61.48,62.80,276.24,63.69,1215.20,68.41,69.90,67.07,43.9663,66.2226
22.880,68.45,77.23,288.81,64.01,1135.65,66.25,66.45,66.67,44.0291,66.3168
22.912,67.20,65.74,262.64,62.39,1114.94,61.87,68.17,70.86,44.0919,66.4110
22.944,69.51,69.62,258.22,67.18,1160.91,70.92,63.62,66.54,44.1610,66.5115
22.976,66.77,71.76,236.57,73.13,1134.60,68.65,66.47,64.74,44.2238,66.6057
23.008,72.41,64.88,238.05,66.55,1045.30,70.04,63.56,68.04,44.2866,66.6999
23.040,70.38,60.07,221.76,61.08,1046.32,64.57,66.97,63.52,44.3494,66.8004
23.072,61.89,66.65,62.51,66.99,1058.09,66.31,63.32,67.42,44.4122,66.8946
23.104,69.12,70.06,66.80,70.55,1003.76,72.15,67.27,69.67,44.4750,66.9888
23.136,69.01,65.53,67.34,71.07,921.04,67.07,68.73,67.78,44.5440,67.0830
23.168,62.96,59.73,58.48,66.43,902.54,68.12,72.61,66.50,44.6068,67.1834
23.200,66.05,63.91,68.51,72.34,795.19,69.76,65.69,69.38,44.6696,67.2776
23.232,70.43,67.82,65.55,69.52,737.44,71.49,67.33,68.55,44.7638,67.3718
23.264,68.71,66.65,72.18,72.01,714.34,73.84,146.07,66.87,44.8643,67.4660
23.296,68.58,70.14,62.10,70.23,732.69,70.63,142.58,59.90,44.9585,67.5665
23.328,67.46,67.46,69.66,66.58,622.46,70.57,144.78,64.93,45.0527,67.6607
23.360,67.61,70.47,66.25,63.62,587.92,67.56,144.32,68.87,45.1469,67.7549
23.392,62.59,64.56,68.31,65.36,585.79,73.02,147.17,66.31,45.2474,67.8554
23.424,74.97,62.25,64.09,68.68,550.96,73.26,140.60,66.81,45.3416,67.9496
23.456,67.94,66.11,70.79,68.85,536.53,63.10,145.56,66.42,45.4358,68.0438
23.488,61.06,67.31,71.01,67.36,549.47,60.96,135.02,62.68,45.5363,68.1380
23.520,65.76,66.21,63.08,61.59,519.61,64.47,132.91,67.76,45.6305,68.2385
23.552,69.23,66.08,66.39,63.58,522.88,71.06,137.17,69.58,45.7247,68.3327
23.584,69.09,66.65,66.97,67.91,491.88,65.64,130.36,62.10,45.8189,68.4269
23.616,69.40,71.38,65.53,70.79,480.85,64.84,122.16,66.64,45.9194,68.5211
23.648,65.52,67.66,68.17,59.92,457.21,65.64,121.80,65.27,46.0136,68.6216
23.680,63.45,66.71,61.46,67.14,472.02,66.03,122.85,66.54,46.1078,68.7158
23.712,67.89,63.89,61.79,70.00,456.32,66.52,127.81,68.15,46.2020,68.8100
23.744,66.07,71.95,66.53,70.19,435.23,64.74,123.06,70.77,46.3024,68.9104
23.776,65.15,69.02,70.75,62.87,60.98,64.25,119.38,67.37,46.3966,69.0046
23.808,60.91,69.95,64.92,66.28,62.49,72.02,117.26,72.25,46.4908,69.0988
23.840,64.98,67.59,70.45,71.91,66.61,68.42,121.82,67.40,46.5913,69.1930
23.872,71.46,62.46,68.66,65.22,66.27,69.36,115.82,66.17,46.6855,69.2935
23.904,69.38,66.72,65.31,64.62,61.30,68.05,118.09,66.77,46.7797,69.3877
23.936,71.39,66.70,66.64,64.20,67.68,63.49,121.42,65.13,46.8739,69.4819
23.968,66.30,69.17,67.55,70.26,71.13,67.60,115.24,66.50,46.9744,69.5761
24.000,64.72,68.45,66.09,69.35,60.74,66.67,112.29,73.19,47.0686,69.6766
24.032,64.74,58.26,74.65,66.37,65.64,66.20,110.13,66.71,47.1628,69.7708
24.064,62.80,63.06,64.94,67.81,67.88,68.27,113.08,63.41,47.2570,69.8650
24.096,68.71,68.11,65.07,67.19,68.14,65.31,110.50,66.08,47.3575,69.9655
24.128,68.35,68.74,67.25,67.70,65.50,63.26,108.29,69.21,47.4517,70.0597
24.160,63.96,70.29,68.48,68.64,70.36,66.82,116.54,65.80,47.5459,70.1539
24.192,73.20,67.35,65.98,71.46,63.09,67.60,108.28,67.49,47.6464,70.2481
24.224,66.80,68.53,68.43,63.58,62.33,73.45,109.82,65.38,47.7406,70.3486
24.256,67.55,68.49,66.68,69.63,68.95,67.21,104.02,66.75,47.8348,70.4428
24.288,63.10,72.43,64.95,72.23,67.23,69.40,107.98,70.96,47.9290,70.5370
24.320,71.00,73.73,64.24,68.85,61.24,75.42,106.41,63.82,48.0294,70.6374
24.352,62.76,67.88,63.65,68.09,67.28,66.50,104.76,66.51,48.1236,70.7316
24.384,67.75,64.56,69.27,65.67,66.57,62.20,104.73,69.90,48.2178,70.8258
24.416,64.89,64.19,65.92,67.17,68.32,69.16,103.20,66.97,48.3120,70.9200
24.448,70.10,67.11,68.71,65.46,68.77,68.50,98.23,66.79,48.4125,71.0205
24.480,62.22,69.79,65.56,69.45,68.09,65.79,106.99,64.86,48.5067,71.1147
24.512,66.06,66.20,65.44,71.45,70.68,67.67,92.20,68.77,48.6009,71.2089
24.544,71.21,72.26,70.83,70.78,67.58,66.91,97.13,69.72,48.7014,71.3031
24.576,65.25,69.20,67.80,68.72,66.82,67.52,101.08,68.90,48.7956,71.4036
24.608,70.41,66.17,68.55,60.61,68.65,67.30,93.18,62.31,48.8898,71.4978
24.640,70.03,68.75,65.20,66.17,62.14,63.80,93.10,63.38,48.9840,71.5920
24.672,65.65,64.36,67.72,63.05,70.51,72.59,95.51,64.26,49.0845,71.6925
24.704,74.44,67.81,64.82,66.14,63.49,61.91,84.67,71.09,49.1787,71.7867
24.736,68.99,69.19,71.53,72.17,66.33,66.68,84.96,66.95,49.2729,71.8809
24.768,69.21,64.47,63.01,68.97,68.05,65.50,84.89,69.55,49.3734,71.9751
24.800,59.95,69.47,64.40,62.78,66.15,69.78,80.36,62.89,49.4676,72.0756
24.832,63.10,71.36,65.93,67.78,67.56,71.26,86.15,61.92,49.5618,72.1698
24.864,60.83,65.37,71.96,65.16,62.22,74.45,80.75,71.20,49.6560,72.2640
24.896,67.02,70.94,63.89,72.26,65.34,69.31,79.97,64.38,49.7564,72.3582
24.928,71.10,73.13,70.43,69.43,68.27,64.24,75.14,68.89,49.8506,72.4586
24.960,66.96,68.35,70.49,62.23,66.90,61.59,78.22,64.75,49.9448,72.5528
24.992,66.39,63.83,70.40,72.62,67.87,71.77,67.00,65.97,50.0390,72.6470
25.024,66.68,68.15,65.96,65.06,66.44,69.10,68.97,69.01,50.1395,72.7475
25.056,68.11,64.98,68.60,65.79,70.05,66.16,71.74,72.73,50.2337,72.8417
25.088,69.53,61.48,71.25,69.20,69.23,66.23,64.72,73.03,50.3279,72.9359
25.120,68.93,69.59,65.95,65.35,66.94,68.40,64.53,63.79,50.4284,73.0301
25.152,68.93,68.66,67.92,64.43,67.17,63.66,64.86,71.47,50.5226,73.1306
25.184,70.28,67.24,62.57,69.55,68.17,66.58,71.02,67.36,50.6168,73.2248
25.216,68.76,60.42,66.44,68.79,65.51,70.57,62.65,67.85,50.7110,73.3190
25.248,70.02,64.80,66.40,65.32,63.80,67.52,71.59,64.43,50.8115,73.4132
25.280,70.16,69.78,68.55,72.23,65.66,63.41,60.75,66.30,50.9057,73.5137
25.312,62.05,65.20,65.28,71.24,63.66,67.87,66.58,69.01,50.9999,73.6079
25.344,68.61,68.80,68.32,67.35,68.03,68.56,71.24,70.39,51.0941,73.7021
25.376,61.08,65.35,70.94,63.40,67.61,65.55,63.17,67.22,51.1946,73.8026
25.408,71.60,66.38,69.64,61.44,69.09,71.82,70.10,69.46,51.2888,73.8968
25.440,67.82,67.52,67.94,70.44,71.53,63.69,72.42,66.29,51.3830,73.9910
25.472,67.50,61.21,60.83,61.99,63.30,65.72,72.16,76.89,51.4834,74.0852
25.504,67.95,67.28,63.82,66.02,65.36,69.36,66.48,68.62,51.5776,74.1856
25.536,67.01,69.08,70.35,72.80,63.58,66.61,68.83,64.98,51.6718,74.2798
25.568,56.82,70.07,67.19,64.21,68.09,62.82,66.90,66.33,51.7660,74.3740
25.600,65.14,65.68,64.04,70.20,67.77,66.65,64.82,71.17,51.8665,74.4745
25.632,70.96,63.46,63.76,67.77,64.34,68.20,69.14,66.97,51.9607,74.5687
25.664,72.09,68.87,68.48,70.72,65.70,64.76,62.29,68.19,52.0549,74.6629
25.696,68.38,76.97,67.02,65.51,66.05,67.12,62.63,65.64,52.1491,74.7571
25.728,68.82,67.34,74.68,69.37,69.29,61.88,64.13,66.21,52.2496,74.8576
25.760,72.29,74.65,69.91,66.69,66.96,66.74,69.73,66.68,52.3438,74.9518
25.792,72.69,62.39,70.32,71.49,66.56,64.85,65.27,62.33,52.4380,75.0460
25.824,62.16,71.88,61.75,67.00,69.15,62.26,60.14,67.33,52.5385,75.1402
25.856,61.96,67.06,61.77,64.22,65.45,62.80,67.84,71.76,52.6327,75.2407
25.888,72.35,71.03,61.85,68.31,67.07,75.02,64.29,67.67,52.7269,75.3349
25.920,68.98,70.60,68.45,69.25,70.43,69.29,72.37,74.49,52.8211,75.4291
25.952,68.00,71.43,67.04,73.72,66.71,68.92,62.15,65.66,52.9216,75.5296
25.984,70.05,66.83,66.64,66.87,68.43,67.60,72.06,66.55,53.0158,75.6238
26.016,66.37,61.91,63.89,64.49,71.23,65.29,66.70,64.63,53.1100,75.7180
26.048,63.94,59.06,70.28,70.03,64.32,71.62,65.84,69.43,53.2104,75.8122
26.080,62.97,66.04,70.92,73.56,69.89,66.90,65.99,73.58,53.3046,75.9126
26.112,65.18,66.95,66.04,68.84,67.01,68.16,62.62,61.48,53.3988,76.0068
26.144,69.99,68.93,73.04,64.39,65.68,67.93,62.95,67.97,53.4930,76.1010
26.176,65.38,66.58,70.10,68.20,64.22,69.88,60.12,66.91,53.5935,76.1952
26.208,61.92,70.13,72.95,65.36,71.59,68.57,68.95,63.78,53.6877,76.2957
26.240,68.72,63.13,67.96,59.79,69.26,68.05,70.67,67.56,53.7819,76.3899
26.272,67.55,65.49,59.86,69.08,68.12,64.71,64.66,65.61,53.8761,76.4841
26.304,66.40,62.77,66.13,69.65,66.43,72.06,64.29,66.70,53.9766,76.5846
26.336,63.85,66.45,65.69,72.90,67.89,68.13,67.48,70.20,54.0708,76.6788
26.368,72.13,65.01,68.07,68.07,72.75,70.87,67.23,67.63,54.1650,76.7730
26.400,61.26,63.97,69.24,66.55,70.61,69.58,64.75,71.32,54.2655,76.8672
26.432,74.96,66.21,64.51,66.95,64.33,70.24,72.32,70.15,54.3597,76.9677
26.464,70.12,63.01,69.07,66.53,64.72,64.65,69.43,62.53,54.4539,77.0619
26.496,70.47,66.76,67.26,64.53,67.48,65.50,68.04,69.09,54.5481,77.1561
26.528,72.44,71.59,65.96,62.11,67.80,66.28,67.78,65.76,54.6486,77.2503
26.560,69.00,69.71,67.80,64.75,65.19,68.10,68.81,70.32,54.7428,77.3508
26.592,64.01,68.51,67.05,70.26,65.77,69.40,69.08,62.55,54.8370,77.4450
26.624,63.75,68.63,72.06,67.55,66.17,70.62,72.82,71.04,54.9312,77.5392
26.656,72.19,65.23,64.93,68.26,62.37,63.32,62.86,60.54,55.0316,77.6396
26.688,71.30,62.41,69.15,67.65,66.77,69.21,65.95,61.22,55.1258,77.7338
26.720,66.73,67.19,70.97,68.39,68.47,69.33,67.67,64.00,55.2200,77.8280
26.752,67.05,69.68,71.29,67.76,66.88,70.58,68.64,60.46,55.3205,77.9222
26.784,68.05,67.96,69.59,62.38,72.55,66.45,66.50,62.83,55.4147,78.0227
26.816,62.22,73.56,71.11,69.11,63.34,65.41,69.26,66.44,55.5089,78.1169
26.848,65.11,73.07,71.57,66.50,65.45,71.12,64.17,68.73,55.6031,78.2111
26.880,64.90,67.58,67.54,70.64,68.42,71.19,65.19,67.54,55.7036,78.3116
26.912,71.52,67.91,67.90,65.82,69.53,66.88,66.39,65.55,55.7978,78.4058
26.944,66.12,71.19,65.98,65.38,68.37,69.65,72.05,62.85,55.8920,78.5000
26.976,69.12,67.28,66.85,65.87,72.24,69.97,66.55,69.98,55.9862,78.5942
27.008,63.84,64.58,69.72,69.09,69.65,70.09,71.51,70.77,56.0867,78.6947
27.040,67.32,60.57,66.07,68.90,102.50,68.53,70.22,63.55,56.1809,78.7889
27.072,62.34,62.53,70.19,67.46,124.01,60.42,64.93,70.50,56.2751,78.8831
27.104,67.90,69.35,70.39,64.92,124.33,68.90,64.53,71.75,56.3756,78.9773
27.136,65.64,68.11,65.23,72.38,125.77,68.20,63.92,65.01,56.4698,79.0778
27.168,67.27,64.02,68.86,72.55,126.80,66.95,71.53,68.99,56.5640,79.1720
27.200,68.98,61.28,66.94,66.81,125.73,71.29,68.32,70.94,56.6582,79.2662
27.232,63.61,69.62,71.82,68.98,116.49,62.57,69.54,66.34,56.7586,79.3666
27.264,73.46,65.37,66.98,66.38,127.82,67.40,65.21,64.24,56.8528,79.4608
27.296,65.62,71.77,63.05,72.14,124.41,63.34,63.49,63.54,56.9470,79.5550
27.328,68.03,63.58,61.26,67.89,105.86,67.35,66.08,69.04,57.0475,79.6492
27.360,69.22,70.07,68.22,66.82,114.28,72.67,70.90,67.73,57.1417,79.7497
27.392,71.78,69.75,70.76,63.46,117.30,68.70,68.81,71.08,57.2359,79.8439
27.424,66.19,71.76,74.01,70.55,121.36,62.20,67.94,65.06,57.3301,79.9381
27.456,69.89,60.52,75.73,65.60,117.20,61.41,69.85,66.00,57.4306,80.0323
27.488,65.28,68.28,73.53,61.74,117.47,63.72,74.06,60.60,57.5248,80.1328
27.520,70.30,62.68,65.79,65.71,111.17,65.59,67.37,62.81,57.6190,80.2270
27.552,68.01,62.20,62.13,66.58,116.19,64.29,58.49,71.18,57.7132,80.3212
27.584,62.71,62.76,70.88,68.03,109.15,68.39,69.52,64.11,57.8137,80.4217
27.616,69.07,65.75,68.54,64.69,117.30,65.49,70.63,67.46,57.9079,80.5159
27.648,62.75,74.24,69.99,66.84,118.80,68.96,67.38,67.80,58.0021,80.6101
27.680,66.99,68.99,66.09,68.20,111.37,67.85,63.79,63.68,58.1026,80.7043
27.712,74.24,68.32,65.33,69.55,108.99,66.18,67.48,64.30,58.1968,80.8048
27.744,69.22,64.57,64.56,65.10,121.25,67.91,73.55,69.53,58.2910,80.8990
27.776,66.79,63.70,68.54,69.90,111.19,70.70,63.61,67.06,58.3852,80.9932
27.808,65.18,65.81,67.45,68.83,110.89,66.12,72.20,70.38,58.4856,81.0874
27.840,59.55,67.82,70.88,68.02,116.14,66.86,68.63,67.18,58.5798,81.1878
27.872,68.18,64.22,65.06,71.11,111.63,67.32,67.41,68.44,58.6740,81.2820
27.904,66.51,68.25,69.36,72.09,106.93,60.18,62.44,64.62,58.7682,81.3762
27.936,59.66,70.83,70.88,64.77,110.64,69.21,73.31,67.74,58.8687,81.4767
27.968,66.90,69.93,69.89,69.79,107.80,63.09,64.33,74.09,58.9629,81.5709
28.000,63.76,66.92,71.24,67.44,109.10,72.16,63.44,68.13,59.0571,81.6651
28.032,65.61,66.68,74.60,62.04,103.72,60.91,66.15,62.61,59.1576,81.7593
28.064,68.51,68.60,68.98,67.44,111.22,65.58,78.24,69.17,59.2518,81.8598
28.096,69.51,71.08,65.99,65.14,106.54,66.95,71.32,72.31,59.3460,81.9540
28.128,71.23,63.43,65.65,65.61,105.71,63.12,66.23,68.07,59.4402,82.0482
28.160,62.20,59.52,62.59,70.54,103.41,69.58,69.50,71.77,59.5407,82.1487
28.192,69.36,70.11,65.97,67.18,108.66,64.99,69.88,63.66,59.6349,82.2429
28.224,64.11,62.38,62.53,65.57,107.41,67.50,70.41,66.63,59.7291,82.3371
28.256,65.45,69.24,69.20,65.81,105.09,70.28,63.74,63.65,59.8233,82.4313
28.288,61.46,73.27,63.54,63.09,106.71,72.32,70.65,66.86,59.9238,82.5318
28.320,68.21,71.60,65.74,63.69,98.02,61.24,71.01,69.02,60.0180,82.6260
28.352,62.84,73.19,66.78,68.36,101.00,66.82,61.94,67.03,60.1122,82.7202
28.384,63.39,68.87,67.98,65.07,103.44,68.92,68.23,62.95,60.2126,82.8144
28.416,65.78,63.43,64.42,66.69,102.18,67.15,67.36,66.62,60.3068,82.9148
28.448,63.90,64.95,71.16,67.54,98.56,72.74,61.66,71.47,60.4010,83.0090
28.480,72.75,67.06,69.12,70.94,93.66,69.74,66.56,73.16,60.4952,83.1032
28.512,67.47,66.85,58.85,65.76,94.59,68.49,72.12,68.19,60.5957,83.2037
28.544,71.02,64.75,69.17,66.85,94.80,67.02,66.74,64.00,60.6899,83.2979
28.576,68.57,76.24,67.10,68.70,95.37,67.88,68.05,69.09,60.7841,83.3921
28.608,71.16,68.33,64.64,64.60,96.94,65.56,73.81,59.52,60.8846,83.4863
28.640,68.14,68.95,64.74,65.43,91.13,71.04,67.25,68.01,60.9788,83.5868
28.672,65.68,68.10,70.91,66.35,90.94,67.64,68.72,65.87,61.0730,83.6810
28.704,69.90,64.25,76.04,69.67,93.36,62.59,69.09,68.98,61.1672,83.7752
28.736,65.13,63.22,62.00,66.80,72.08,63.39,68.15,66.22,61.2677,83.8694
28.768,66.39,60.79,69.26,65.11,61.30,68.44,72.89,72.25,61.3619,83.9699
28.800,64.54,64.28,70.22,64.37,70.77,67.62,68.80,65.94,61.4561,84.0641
28.832,63.27,64.58,65.18,65.98,67.75,70.97,69.59,68.62,61.5503,84.1583
28.864,64.77,61.70,68.58,71.19,74.13,67.09,69.13,61.95,61.6508,84.2588
28.896,65.51,72.09,63.78,59.19,66.91,68.61,71.56,62.57,61.7450,84.3530
28.928,71.35,64.30,65.58,70.51,66.83,67.53,63.90,69.69,61.8392,84.4472
28.960,69.02,69.22,67.26,66.12,68.62,60.43,64.05,67.93,61.9396,84.5414
28.992,61.64,61.86,66.96,71.03,67.65,66.47,68.44,69.77,62.0338,84.6418
29.024,70.09,67.57,67.00,68.67,69.49,67.74,71.19,63.73,62.1280,84.7360
29.056,65.27,66.16,67.78,70.09,66.78,64.69,71.98,67.12,62.2222,84.8302
29.088,64.47,66.68,67.92,71.55,66.10,65.21,63.64,61.68,62.3227,84.9244
29.120,66.54,64.10,64.80,66.72,66.23,64.35,68.68,68.59,62.4169,85.0249
29.152,67.57,67.06,74.01,66.03,66.85,57.58,60.25,69.30,62.5111,85.1191
29.184,67.35,66.31,65.22,66.42,62.41,64.93,68.50,67.38,62.6053,85.2133
29.216,64.61,70.40,63.35,66.70,68.41,69.73,69.58,67.40,62.7058,85.3138
29.248,70.50,67.18,65.48,70.59,64.27,68.16,65.24,64.33,62.8000,85.4080
29.280,65.71,69.54,65.50,62.68,66.13,71.79,69.73,67.06,62.8942,85.5022
29.312,62.14,69.23,62.55,65.33,67.68,69.34,71.05,65.51,62.9947,85.5964
29.344,62.60,63.56,72.20,69.08,64.95,62.66,63.31,65.43,63.0889,85.6969
29.376,64.11,67.48,64.28,66.89,58.90,69.59,66.94,70.13,63.1831,85.7911
29.408,67.11,65.59,73.55,66.61,72.37,60.61,61.90,66.63,63.2773,85.8853
29.440,67.54,72.95,65.79,68.31,65.09,65.92,72.01,65.98,63.3778,85.9858
29.472,64.61,65.33,70.30,62.21,61.76,71.72,73.46,68.74,63.4720,86.0800
29.504,74.25,70.81,61.87,72.12,70.79,70.14,68.60,66.09,63.5662,86.1742
29.536,69.89,66.30,65.00,68.29,71.84,66.58,70.25,69.24,63.6604,86.2684
29.568,67.57,68.24,62.75,67.26,67.19,62.78,67.98,67.31,63.7608,86.3688
29.600,64.35,67.56,69.76,69.17,67.67,66.88,62.81,69.63,63.8550,86.4630
29.632,68.25,57.56,67.00,67.23,61.85,66.28,67.08,62.09,63.9492,86.5572
29.664,61.56,70.34,66.52,60.79,68.33,69.50,66.15,66.53,64.0497,86.6514
29.696,65.81,71.16,62.16,60.15,65.97,73.10,64.04,61.58,64.1439,86.7519
29.728,65.31,69.27,64.60,66.71,70.84,63.49,70.87,62.64,64.2381,86.8461
29.760,60.97,66.97,68.34,68.38,68.38,66.26,65.20,65.16,64.3323,86.9403
29.792,68.08,65.46,69.62,61.24,69.06,72.69,69.35,65.44,64.4328,87.0408
29.824,71.49,70.92,67.92,72.45,64.59,72.41,64.33,64.27,64.5270,87.1350
29.856,69.41,68.80,64.11,66.31,67.85,63.70,62.81,62.95,64.6212,87.2292
29.888,62.83,69.57,68.70,73.50,70.92,67.99,61.68,68.35,64.7154,87.3234
29.920,66.85,68.75,69.22,64.88,64.25,69.92,69.40,65.05,64.8159,87.4239
29.952,62.47,64.34,69.37,65.43,70.01,71.10,66.55,63.86,64.9101,87.5181
29.984,64.75,68.95,68.66,66.92,66.05,66.26,67.74,65.07,65.0043,87.6123
30.016,67.59,67.88,67.86,64.88,64.76,65.85,67.98,66.62,65.1048,87.7065
30.048,67.40,67.92,62.16,61.97,65.65,68.32,64.35,70.30,65.1990,87.8070
30.080,73.17,68.89,64.47,64.34,66.35,71.53,62.66,68.63,65.2932,87.9012
30.112,71.47,66.69,66.61,69.81,64.56,68.90,64.67,70.18,65.3874,87.9954
30.144,69.64,68.13,68.27,64.75,64.11,71.63,67.89,69.52,65.4878,88.0958
30.176,65.94,67.71,67.22,66.60,68.93,67.99,60.90,70.21,65.5820,88.1900
30.208,64.37,69.91,65.92,70.29,66.95,62.34,66.17,63.62,65.6762,88.2842
30.240,65.12,68.99,63.83,70.73,68.09,74.44,70.26,71.32,65.7767,88.3784
30.272,68.35,70.67,68.00,69.30,72.41,71.45,62.77,66.56,65.8709,88.4789
30.304,74.38,67.25,68.74,69.14,67.85,59.05,61.14,68.87,65.9651,88.5731
30.336,65.89,66.06,72.10,68.18,67.96,65.03,66.85,67.74,66.0593,88.6673
30.368,64.93,72.04,73.59,68.30,69.79,74.52,64.23,67.65,66.1598,88.7615
30.400,72.38,63.00,71.43,68.47,70.26,67.95,66.47,70.34,66.2540,88.8620
30.432,71.09,64.94,68.72,63.21,61.59,67.55,73.99,69.18,66.3482,88.9562
30.464,62.44,63.19,73.59,70.43,67.60,67.51,67.18,66.35,66.4424,89.0504
30.496,68.59,64.43,67.74,72.35,70.35,68.96,69.57,67.72,66.5429,89.1509
30.528,69.05,76.89,67.13,64.69,64.42,66.18,63.85,61.43,66.6371,89.2451
30.560,71.11,61.59,66.27,65.36,65.41,61.71,60.36,63.72,66.7313,89.3393
30.592,68.41,68.42,68.31,67.53,67.41,66.78,65.70,62.90,66.8318,89.4335
30.624,65.21,60.57,61.68,64.52,65.22,66.37,68.03,68.39,66.9260,89.5340
30.656,67.66,65.24,68.92,63.54,68.64,63.21,68.88,67.12,67.0202,89.6282
30.688,67.50,72.69,65.06,63.52,70.55,65.70,63.59,69.68,67.1144,89.7224
30.720,68.21,66.56,63.40,74.01,63.00,69.76,67.63,66.66,67.2148,89.8228
30.752,70.61,65.06,62.18,68.24,65.09,67.53,69.54,66.81,67.3090,89.9170
30.784,65.75,62.89,66.98,69.12,66.21,62.61,68.39,67.30,67.4032,90.0112
30.816,66.77,65.60,69.28,67.43,66.80,70.13,63.46,65.45,67.4974,90.1054
30.848,73.02,60.65,70.11,62.75,65.49,67.33,66.75,71.03,67.5979,90.2059
30.880,70.17,66.77,70.43,66.47,75.12,66.99,73.46,66.73,67.6921,90.3001
30.912,63.07,69.57,66.92,71.13,64.60,67.77,71.49,68.32,67.7863,90.3943
30.944,66.18,70.39,67.84,68.01,65.63,63.63,68.16,65.35,67.8868,90.4885
30.976,65.30,66.55,66.73,67.87,65.85,72.27,68.00,63.49,67.9810,90.5890
31.008,74.09,68.04,60.54,66.73,71.46,66.57,66.16,66.82,68.0752,90.6832
31.040,64.64,71.03,66.61,65.01,69.67,69.08,61.75,61.78,68.1694,90.7774
31.072,65.64,66.41,65.28,69.79,66.47,63.23,66.14,68.31,68.2699,90.8779
31.104,69.74,71.37,67.85,64.92,69.43,63.51,69.18,66.29,68.3641,90.9721
31.136,68.29,70.06,69.57,72.89,66.08,68.31,63.06,71.96,68.4583,91.0663
31.168,64.62,66.95,72.61,66.39,63.60,62.43,69.74,64.31,68.5525,91.1605
31.200,66.22,68.95,69.20,64.10,70.28,63.62,67.52,67.25,68.6530,91.2610
31.232,65.43,64.71,66.03,65.91,67.64,70.55,68.33,67.23,68.7472,91.3552
31.264,61.00,70.43,63.62,65.82,66.38,67.16,70.84,65.69,68.8414,91.4494
31.296,67.95,68.06,64.33,64.86,67.09,64.39,70.18,65.45,68.9418,91.5436
31.328,69.13,70.24,70.49,73.50,64.69,75.51,64.55,67.10,69.0360,91.6440
31.360,62.23,68.37,66.59,63.72,66.41,69.65,64.65,68.36,69.1302,91.7382
31.392,71.86,66.36,71.97,70.78,65.89,64.70,68.51,75.80,69.2244,91.8324
31.424,67.38,60.92,67.28,66.62,66.73,66.27,68.29,67.53,69.3249,91.9329
31.456,67.73,65.83,67.76,65.38,69.34,68.75,70.71,67.35,69.4191,92.0271
31.488,65.06,69.51,69.19,66.05,67.53,64.73,70.44,68.64,69.5133,92.1213
31.520,69.38,65.59,67.74,70.44,66.87,63.81,67.07,67.54,69.6138,92.2155
31.552,71.78,64.74,67.56,69.51,66.11,65.69,68.99,70.19,69.7080,92.3160
31.584,71.67,73.19,62.33,68.33,68.38,66.10,69.25,66.36,69.8022,92.4102
31.616,71.49,72.86,63.92,65.68,67.75,63.01,65.17,70.98,69.8964,92.5044
31.648,64.47,69.85,63.74,68.23,61.14,65.17,71.27,60.59,69.9969,92.5986
31.680,70.77,68.42,68.61,61.93,70.64,61.76,71.94,68.87,70.0911,92.6991
31.712,70.16,70.72,70.15,63.96,67.65,70.94,70.83,58.85,70.1853,92.7933
31.744,68.67,66.02,64.84,70.13,64.49,64.90,70.22,71.05,70.2795,92.8875
31.776,67.00,66.95,60.81,68.40,66.35,70.19,61.65,69.65,70.3800,92.9880
31.808,65.08,73.56,68.54,64.95,73.88,65.78,62.94,60.35,70.4742,93.0822
31.840,67.61,66.97,69.60,70.58,67.89,70.68,66.17,62.70,70.5684,93.1764
31.872,70.20,67.67,75.73,69.26,61.19,64.60,69.74,64.50,70.6688,93.2706
31.904,63.11,67.34,69.60,66.70,65.42,69.75,69.02,66.24,70.7630,93.3710
31.936,67.19,66.98,67.79,65.06,67.72,69.65,63.23,65.35,70.8572,93.4652
31.968,67.62,66.15,66.03,61.18,68.36,62.47,65.98,67.86,70.9514,93.5594
32.000,70.33,66.37,70.98,66.43,71.58,65.56,65.76,69.62,71.0519,93.6536
32.032,61.69,64.01,76.38,72.51,63.88,64.41,66.28,70.49,71.1461,93.7541
32.064,65.75,67.11,65.12,67.93,69.45,71.86,64.08,65.33,71.2403,93.8483
32.096,71.71,65.10,73.16,69.41,68.94,70.54,68.20,71.04,71.3345,93.9425
32.128,63.32,66.87,61.65,70.17,71.13,66.15,68.50,63.85,71.4350,94.0430
32.160,70.56,67.72,67.92,65.16,64.55,70.25,63.52,72.99,71.5292,94.1372
32.192,65.62,61.46,64.60,64.58,72.84,65.23,67.08,65.92,71.6234,94.2314
32.224,69.29,64.88,69.79,68.77,64.16,67.45,74.76,70.42,71.7239,94.3256
32.256,68.98,71.31,62.99,63.04,65.87,68.87,68.12,63.69,71.8181,94.4261
32.288,66.84,66.27,70.88,59.81,67.18,64.83,61.02,68.02,71.9123,94.5203
32.320,61.22,63.77,69.26,74.94,67.11,68.02,65.25,70.57,72.0065,94.6145
32.352,71.71,68.86,68.57,60.93,63.42,66.66,67.71,71.36,72.1070,94.7150
32.384,69.14,67.60,65.01,65.80,66.92,66.32,66.62,66.01,72.2012,94.8092
32.416,63.81,62.68,68.30,66.85,65.99,73.82,65.84,66.70,72.2954,94.9034
32.448,64.29,69.40,68.90,71.48,59.65,67.08,68.14,64.94,72.3896,94.9976
32.480,65.95,69.81,69.19,70.98,72.91,69.71,66.38,67.60,72.4900,95.0980
32.512,64.11,62.83,63.92,67.72,67.13,66.38,69.49,68.74,72.5842,95.1922
32.544,73.49,64.25,63.58,64.52,65.13,71.48,72.13,67.28,72.6784,95.2864
32.576,64.49,65.43,63.65,71.70,68.01,68.46,72.30,67.12,72.7789,95.3806
32.608,66.61,60.79,65.46,69.26,73.85,65.97,69.91,63.83,72.8731,95.4811
32.640,68.66,69.26,68.89,65.34,65.75,71.90,63.17,73.57,72.9673,95.5753
32.672,65.27,66.33,63.35,63.71,66.19,66.95,69.13,67.30,73.0615,95.6695
32.704,69.65,63.62,69.61,68.64,67.65,66.69,70.08,66.38,73.1620,95.7700
32.736,66.84,64.85,66.18,68.42,66.31,68.85,64.32,61.14,73.2562,95.8642
32.768,68.65,71.26,67.30,68.03,65.88,68.38,72.21,70.02,73.3504,95.9584
32.800,67.06,68.00,71.19,68.18,71.62,69.76,61.96,69.13,73.4509,96.0526
32.832,65.26,60.71,70.97,64.43,68.14,71.25,67.20,72.02,73.5451,96.1531
32.864,66.83,64.07,66.79,60.49,60.86,64.51,63.75,68.93,73.6393,96.2473
32.896,64.12,66.31,66.78,68.17,62.87,70.80,64.71,64.19,73.7335,96.3415
32.928,68.67,67.93,65.24,71.11,68.42,66.62,65.57,69.34,73.8340,96.4357
32.960,61.83,60.77,70.17,64.88,65.30,65.15,65.16,63.65,73.9282,96.5362
32.992,67.42,70.82,65.05,66.50,65.52,62.02,68.86,62.69,74.0224,96.6304
33.024,65.99,66.47,65.54,73.58,70.91,71.52,66.19,66.29,74.1166,96.7246
33.056,69.44,67.43,64.08,66.13,67.14,71.52,63.26,68.02,74.2170,96.8250
33.088,62.84,68.11,71.35,66.82,71.22,66.94,65.27,63.42,74.3112,96.9192
33.120,65.44,64.39,70.89,66.43,62.93,70.55,71.35,70.09,74.4054,97.0134
33.152,70.51,59.98,71.57,67.25,67.41,67.57,62.37,65.76,74.5059,97.1076
33.184,60.77,69.46,69.93,69.00,69.51,71.21,62.76,66.49,74.6001,97.2081
33.216,70.89,69.19,64.89,66.88,65.67,66.18,62.91,67.11,74.6943,97.3023
33.248,66.05,70.36,64.57,63.24,73.73,67.67,67.22,71.82,74.7885,97.3965
33.280,69.07,68.15,65.71,66.71,67.43,64.04,63.40,64.84,74.8890,97.4907
33.312,61.41,69.64,70.83,64.97,71.53,63.34,60.20,63.88,74.9832,97.5912
33.344,69.54,62.13,65.56,64.77,68.75,65.65,71.50,72.37,75.0774,97.6854
33.376,70.43,66.71,64.79,60.82,61.79,67.69,69.55,67.04,75.1716,97.7796
33.408,63.69,71.80,65.41,64.97,68.26,66.83,62.93,67.78,75.2721,97.8801
33.440,63.33,72.69,66.85,68.33,67.84,70.79,66.26,62.84,75.3663,97.9743
33.472,64.70,68.31,66.78,72.76,69.31,61.94,68.39,69.82,75.4605,98.0685
33.504,70.87,65.63,69.07,67.02,71.05,67.56,62.65,64.88,75.5610,98.1627
33.536,66.62,71.30,65.06,63.31,71.01,62.13,71.00,60.61,75.6552,98.2632
33.568,64.18,62.56,70.94,69.48,68.44,67.15,70.30,60.83,75.7494,98.3574
33.600,68.50,75.22,66.41,64.63,70.48,70.20,62.51,59.96,75.8436,98.4516
33.632,69.20,67.68,66.83,64.12,66.69,67.69,63.59,72.45,75.9440,98.5520
33.664,65.17,67.67,69.73,67.93,69.16,68.61,66.32,66.36,76.0382,98.6462
33.696,68.12,66.42,63.72,69.94,69.72,68.56,70.10,72.97,76.1324,98.7404
33.728,66.11,64.85,65.19,63.38,71.87,68.87,69.31,69.35,76.2266,98.8346
33.760,76.87,67.52,58.67,64.12,64.92,70.90,66.40,63.89,76.3271,98.9351
33.792,66.53,64.22,71.66,65.76,65.26,65.25,73.26,61.07,76.4213,99.0293
33.824,70.39,70.00,63.59,69.85,65.22,63.56,69.33,64.70,76.5155,99.1235
33.856,65.66,66.81,68.27,66.23,70.22,70.97,68.23,68.28,76.6160,99.2177
33.888,64.26,61.71,63.08,69.81,68.68,63.34,56.07,66.35,76.7102,99.3182
33.920,66.34,69.58,69.98,65.00,68.78,71.20,67.65,65.89,76.8044,99.4124
33.952,68.04,70.08,64.92,67.71,66.58,60.12,63.68,63.45,76.8986,99.5066
33.984,66.13,71.94,66.11,61.84,63.97,67.38,67.15,67.30,76.9991,99.6071
34.016,67.83,61.93,70.98,62.11,71.59,61.10,67.64,63.09,77.0933,99.7013
34.048,68.54,65.15,67.28,65.03,61.48,65.83,63.03,63.23,77.1875,99.7955
34.080,67.50,65.07,69.84,63.81,69.11,74.58,71.33,62.54,77.2880,99.8897
34.112,66.39,68.10,68.79,66.70,63.26,66.33,69.85,70.19,77.3822,99.9902
34.144,63.48,67.13,65.67,67.11,67.50,69.64,65.83,72.39,77.4764,100.0844
34.176,70.24,65.05,67.92,65.37,67.06,65.05,68.63,69.77,77.5706,100.1786
34.208,69.84,71.25,65.90,64.49,62.83,69.73,71.77,69.54,77.6710,100.2728
34.240,71.26,70.51,68.94,69.67,75.23,72.48,63.58,67.75,77.7652,100.3732
34.272,63.02,67.75,69.18,62.60,67.78,59.38,68.43,69.83,77.8594,100.4674
34.304,67.78,68.78,71.32,65.70,66.22,65.49,72.82,67.01,77.9536,100.5616
34.336,72.02,70.89,68.67,69.03,66.77,61.93,64.18,64.92,78.0541,100.6621
34.368,69.10,69.98,70.30,67.02,66.82,62.24,65.76,63.88,78.1483,100.7563
34.400,68.14,62.93,66.98,67.22,68.16,64.89,68.16,68.18,78.2425,100.8505
34.432,66.94,65.78,64.50,69.08,68.08,76.55,67.80,64.12,78.3430,100.9447
34.464,61.18,68.87,65.89,66.56,63.64,62.92,71.77,68.84,78.4372,101.0452
34.496,62.54,63.64,73.15,65.13,63.67,66.17,68.82,76.10,78.5314,101.1394
34.528,66.31,73.32,66.95,66.05,69.98,71.37,69.47,67.06,78.6256,101.2336
34.560,68.59,68.37,62.74,75.76,68.29,68.01,69.28,71.66,78.7261,101.3278
34.592,63.12,64.91,67.50,76.99,63.07,65.26,63.98,65.22,78.8203,101.4283
34.624,65.83,67.78,71.15,69.17,63.84,65.95,69.96,74.29,78.9145,101.5225
34.656,67.03,70.40,63.37,64.05,66.53,70.91,65.10,71.10,79.0087,101.6167
34.688,67.30,65.23,69.70,69.23,66.95,73.93,67.81,66.07,79.1092,101.7172
34.720,74.66,63.89,67.27,64.46,66.28,64.57,73.34,69.31,79.2034,101.8114
34.752,68.48,65.29,65.51,68.04,71.08,65.14,68.22,63.16,79.2976,101.9056
34.784,68.28,62.55,71.59,68.17,71.05,66.78,62.69,65.41,79.3980,101.9998
34.816,68.49,65.70,66.00,66.76,66.33,61.25,65.64,68.85,79.4922,102.1002
34.848,67.13,66.24,70.37,69.71,69.02,70.02,72.45,71.58,79.5864,102.1944
34.880,69.43,68.25,61.41,70.69,69.10,66.13,69.62,71.41,79.6806,102.2886
34.912,60.45,64.29,69.41,68.12,73.97,62.14,71.06,64.44,79.7811,102.3891
34.944,68.57,69.71,66.66,65.93,59.48,70.59,60.02,68.99,79.8753,102.4833
34.976,61.31,71.78,65.20,67.24,59.36,67.85,72.60,66.37,79.9695,102.5775
35.008,57.83,67.94,65.24,68.09,65.30,65.67,67.65,69.05,80.0637,102.6717
35.040,66.71,67.73,60.05,69.09,72.20,64.71,68.47,65.18,80.1642,102.7722
35.072,70.54,63.43,70.60,74.64,66.74,61.42,62.77,66.90,80.2584,102.8664
35.104,67.18,61.88,63.50,63.84,65.93,68.84,60.81,64.44,80.3526,102.9606
35.136,62.10,70.79,68.02,68.57,66.98,65.11,61.38,65.31,80.4531,103.0548
35.168,66.74,70.16,65.06,65.79,68.52,65.88,64.72,64.47,80.5473,103.1553
35.200,68.19,66.18,67.88,65.27,65.79,64.54,66.03,64.82,80.6415,103.2495
35.232,66.51,66.45,64.98,67.22,65.09,70.72,69.11,65.13,80.7357,103.3437
35.264,63.89,66.42,65.63,65.32,68.39,69.07,68.33,67.36,80.8362,103.4442
35.296,66.13,65.35,61.18,68.26,65.24,62.86,68.90,64.16,80.9304,103.5384
35.328,65.02,67.58,67.98,65.69,62.94,63.77,66.14,66.20,81.0246,103.6326
35.360,63.23,69.55,61.96,65.18,72.57,66.54,68.54,68.32,81.1250,103.7268
35.392,58.80,69.15,67.41,63.03,64.08,68.88,71.46,70.87,81.2192,103.8272
35.424,70.91,65.93,71.58,61.54,64.19,71.79,72.16,68.95,81.3134,103.9214
35.456,69.44,71.42,66.51,63.93,67.02,68.29,70.73,68.89,81.4076,104.0156
35.488,65.22,75.03,64.13,62.05,69.11,68.04,67.46,67.17,81.5081,104.1098
35.520,66.41,63.37,72.41,67.17,67.96,71.20,74.44,62.90,81.6023,104.2103
35.552,62.83,67.53,65.26,61.22,71.03,69.32,67.72,68.89,81.6965,104.3045
35.584,70.86,62.71,67.83,72.76,63.25,70.11,66.85,65.54,81.7907,104.3987
35.616,69.34,67.38,63.77,67.71,70.01,68.41,65.09,70.33,81.8912,104.4992
35.648,75.36,64.31,64.60,68.24,68.65,64.38,71.19,68.41,81.9854,104.5934
35.680,70.11,72.29,71.20,67.46,67.28,62.57,64.16,69.20,82.0796,104.6876
35.712,61.27,68.67,74.09,72.76,69.52,68.78,61.76,61.88,82.1801,104.7818
35.744,60.84,64.37,67.11,68.83,67.94,69.67,63.92,68.33,82.2743,104.8823
35.776,71.34,64.23,70.65,70.11,71.74,65.22,69.31,69.80,82.3685,104.9765
35.808,65.80,64.96,63.66,60.62,64.76,67.66,64.30,68.62,82.4627,105.0707
35.840,68.43,61.54,69.23,64.07,67.32,63.96,72.31,70.85,82.5632,105.1649
35.872,64.43,68.45,65.43,65.68,68.69,68.97,65.46,69.61,82.6574,105.2654
35.904,66.78,64.63,67.74,65.64,62.36,63.03,64.60,67.82,82.7516,105.3596
35.936,71.07,65.05,64.77,67.11,65.46,64.17,61.26,69.94,82.8458,105.4538
35.968,75.24,62.13,65.02,69.11,65.51,68.29,64.84,69.87,82.9462,105.5542
36.000,74.44,67.95,63.25,70.43,61.13,66.56,67.87,67.87,83.0404,105.6484
36.032,66.01,70.26,71.44,67.85,68.15,67.56,69.68,69.47,83.1346,105.7426
36.064,65.12,64.87,65.95,67.47,67.94,69.16,70.19,63.93,83.2351,105.8368
36.096,65.79,71.33,64.90,69.66,69.39,67.41,66.93,70.52,83.3293,105.9373
36.128,68.39,65.50,69.28,63.59,68.12,66.97,60.41,69.62,83.4235,106.0315
36.160,66.68,72.57,64.56,64.65,73.86,69.53,70.96,67.35,83.5177,106.1257
36.192,64.09,75.74,66.27,68.12,57.05,69.60,69.18,66.16,83.6182,106.2262
36.224,66.47,74.52,65.78,64.94,61.78,66.02,64.80,72.01,83.7124,106.3204
36.256,66.25,70.83,64.24,67.48,65.96,71.77,65.89,64.81,83.8066,106.4146
36.288,71.84,69.80,68.83,66.10,63.70,70.39,60.76,69.74,83.9008,106.5088
36.320,64.36,66.67,62.00,57.00,67.87,65.97,72.26,71.58,84.0013,106.6093
36.352,64.77,66.88,64.69,64.40,67.24,66.89,64.73,71.82,84.0955,106.7035
36.384,70.70,64.22,64.79,68.17,70.76,69.93,62.30,61.76,84.1897,106.7977
36.416,66.04,68.08,70.03,64.55,66.82,68.57,67.73,72.19,84.2902,106.8919
36.448,65.84,71.56,66.06,64.06,62.88,71.58,67.58,67.28,84.3844,106.9924
36.480,62.90,66.31,67.57,69.59,69.18,72.15,71.23,67.07,84.4786,107.0866
36.512,74.45,66.25,67.87,66.18,72.23,66.57,69.37,65.35,84.5728,107.1808
36.544,85.95,62.35,68.79,66.88,67.52,71.24,67.96,66.23,84.6732,107.2812
36.576,97.24,70.60,69.37,62.26,66.98,67.20,66.10,64.96,84.7674,107.3754
36.608,104.52,64.65,68.85,63.51,66.69,60.19,67.89,60.58,84.8616,107.4696
36.640,101.06,74.42,68.52,69.17,66.68,64.10,65.34,68.44,84.9558,107.5638
36.672,104.92,80.69,65.54,67.73,67.13,67.81,65.46,71.34,85.0563,107.6643
36.704,115.51,95.10,72.89,63.90,68.60,67.34,70.89,72.82,85.1505,107.7585
36.736,119.56,107.68,70.78,60.83,66.28,68.08,69.31,72.90,85.2447,107.8527
36.768,118.92,110.07,66.63,67.68,61.64,68.47,67.15,68.30,85.3452,107.9469
36.800,132.76,114.61,75.37,66.03,66.29,64.61,66.58,69.74,85.4394,108.0474
36.832,139.53,108.35,91.56,68.08,67.32,67.45,63.93,68.45,85.5336,108.1416
36.864,155.70,122.36,103.65,62.02,70.19,65.06,69.64,64.10,85.6278,108.2358
36.896,166.29,135.42,104.94,70.25,70.89,66.05,63.12,67.05,85.7283,108.3363
36.928,190.82,145.29,110.03,68.65,69.34,61.33,68.13,72.82,85.8225,108.4305
36.960,222.99,155.85,120.29,67.16,68.80,67.30,62.25,71.26,85.9167,108.5247
36.992,232.10,175.86,127.69,68.45,69.71,66.79,64.88,67.36,86.0172,108.6189
37.024,272.53,206.17,136.60,69.91,68.50,67.45,60.61,63.12,86.1114,108.7194
37.056,312.04,221.86,157.46,64.50,71.71,62.66,65.49,73.94,86.2056,108.8136
37.088,343.59,256.62,179.70,72.64,62.54,70.08,67.20,64.85,86.2998,108.9078
37.120,385.26,297.85,207.23,85.15,74.24,65.67,71.16,63.18,86.4002,109.0020
37.152,516.35,341.25,231.22,101.99,72.10,65.47,68.99,64.25,86.4944,109.1024
37.184,662.49,343.65,284.06,93.92,68.01,65.09,68.20,63.72,86.4442,109.1778
37.216,623.18,327.49,312.76,61.89,61.53,68.39,63.97,69.42,86.4002,109.2594
37.248,616.46,272.86,330.37,67.45,69.12,69.88,67.07,66.19,86.3500,109.3411
37.280,705.54,261.35,386.57,63.40,69.45,68.50,59.90,66.09,86.2998,109.4227
37.312,814.05,228.81,454.67,71.28,62.28,68.93,62.53,69.28,86.2558,109.4981
37.344,824.11,222.71,538.10,64.93,61.79,66.87,66.95,67.44,86.2056,109.5797
37.376,860.70,193.56,581.28,67.50,69.03,70.04,72.65,71.84,86.1553,109.6614
37.408,790.95,164.66,840.68,63.11,68.55,69.60,69.27,69.21,86.1114,109.7430
37.440,704.14,147.10,1038.05,70.73,93.94,68.71,68.26,67.39,86.0611,109.8184
37.472,708.51,134.58,1205.02,76.99,112.34,69.62,66.41,67.29,86.0172,109.9000
37.504,638.64,110.62,1357.42,69.77,123.16,64.91,65.05,64.43,85.9669,109.9816
37.536,605.08,104.93,1505.64,64.05,140.11,72.37,65.54,73.32,85.9167,110.0633
37.568,554.04,88.71,1602.50,66.25,173.49,65.37,62.39,73.32,85.8727,110.1386
37.600,516.48,73.80,1650.35,68.45,205.37,73.17,69.56,64.10,85.8225,110.2203
37.632,456.02,66.14,1729.61,71.04,232.78,66.50,66.21,68.65,85.7722,110.3019
37.664,409.59,66.52,1762.56,70.06,285.26,64.35,63.97,66.03,85.7283,110.3773
37.696,374.01,67.52,1789.58,64.04,331.27,68.03,60.48,68.53,85.6780,110.4589
37.728,353.08,69.93,1792.17,68.45,359.07,67.54,67.56,71.60,85.6278,110.5406
37.760,301.80,67.29,1790.01,64.37,400.85,64.41,68.26,64.89,85.5838,110.6222
37.792,264.87,66.25,1769.67,69.34,475.46,63.97,63.37,70.11,85.5336,110.6976
37.824,230.57,71.72,1697.04,62.76,547.87,73.50,71.66,67.09,85.4834,110.7792
37.856,205.89,70.05,1619.23,65.20,670.70,71.26,63.57,77.16,85.4394,110.8608
37.888,185.96,72.04,1561.22,70.48,893.68,62.32,66.83,71.17,85.3892,110.9425
37.920,140.92,59.09,1437.61,67.98,1108.87,68.22,69.29,76.21,85.3452,111.0178
37.952,127.32,64.57,1247.96,62.57,1264.81,62.16,64.80,63.92,85.2950,111.0995
37.984,111.69,64.93,1102.91,65.89,1410.61,64.28,63.87,71.68,85.2447,111.1811
38.016,103.18,66.12,876.62,72.49,1483.75,68.52,66.22,70.72,85.2008,111.2565
38.048,69.09,69.80,602.99,64.64,1553.80,69.41,67.25,69.35,85.1505,111.3381
38.080,62.31,65.68,532.00,56.60,1609.66,65.25,70.51,62.61,85.1003,111.4198
38.112,66.15,61.78,398.21,65.63,1658.06,66.72,66.95,66.12,85.0563,111.5014
38.144,67.62,66.87,364.06,65.79,1664.13,60.76,79.45,63.53,85.0061,111.5768
38.176,66.17,69.83,352.26,72.82,1673.17,70.63,83.12,68.83,85.0689,111.6772
38.208,62.06,66.83,341.09,69.42,1676.78,66.18,90.86,66.35,85.1317,111.7714
38.240,63.77,68.69,328.00,70.94,1686.87,64.44,104.01,70.88,85.2008,111.8656
38.272,69.76,71.48,318.41,67.51,1666.45,70.41,102.98,67.47,85.2636,111.9661
38.304,62.92,68.53,297.11,72.12,1652.16,68.29,107.70,71.12,85.3264,112.0603
38.336,70.54,66.22,296.51,71.39,1659.77,71.55,110.35,68.68,85.3892,112.1545
38.368,68.37,65.91,267.31,69.56,1629.34,65.36,112.86,68.29,85.4520,112.2487
38.400,70.39,75.16,261.30,62.07,1613.71,73.03,117.07,65.75,85.5210,112.3492
38.432,66.14,65.68,244.09,61.15,1568.30,68.14,119.09,63.51,85.5838,112.4434
38.464,72.87,70.59,234.85,70.51,1564.27,69.28,118.72,65.09,85.6466,112.5376
38.496,64.92,68.52,216.83,66.12,1511.45,65.99,117.27,65.54,85.7094,112.6318
38.528,66.45,63.78,207.67,72.03,1480.42,62.28,135.84,67.12,85.7722,112.7323
38.560,68.70,68.69,196.92,66.07,1422.10,66.37,133.94,69.80,85.8350,112.8265
38.592,69.57,69.54,190.63,67.56,1419.11,68.92,134.32,67.11,85.9041,112.9207
38.624,66.51,65.62,179.86,67.00,1302.18,64.60,142.19,67.12,85.9669,113.0212
38.656,68.06,66.83,156.92,62.40,1209.34,71.56,146.05,68.53,86.0297,113.1154
38.688,65.07,63.71,162.26,67.29,1155.25,66.94,151.67,64.26,86.0925,113.2096
38.720,66.63,62.40,144.00,77.50,1030.54,65.58,161.13,71.02,86.1553,113.3038
38.752,66.79,63.51,135.66,66.67,937.45,63.34,156.34,64.46,86.2244,113.4042
38.784,67.02,68.61,125.98,64.62,866.12,61.66,153.10,67.09,86.2872,113.4984
38.816,67.73,66.52,127.06,62.36,766.27,70.49,155.16,61.99,86.3814,113.5926
38.848,61.32,72.36,115.13,61.87,712.43,68.73,150.56,69.22,86.4756,113.6868
38.880,68.08,68.37,122.09,69.46,612.02,62.01,147.59,69.06,86.5761,113.7873
38.912,62.16,70.05,114.14,67.32,571.38,60.49,140.12,68.79,86.6703,113.8815
38.944,74.91,62.65,114.23,65.73,532.28,67.26,135.05,69.50,86.7645,113.9757
38.976,68.40,71.81,116.54,68.82,548.53,66.16,135.60,61.22,86.8587,114.0762
39.008,65.84,58.12,112.33,63.96,511.84,70.49,131.92,69.58,86.9592,114.1704
39.040,61.20,61.89,114.77,65.07,488.09,69.54,126.66,67.37,87.0534,114.2646
39.072,72.72,72.85,110.72,71.31,472.19,66.85,117.13,67.26,87.1476,114.3588
39.104,67.52,70.36,108.70,67.93,433.99,60.19,123.40,67.48,87.2480,114.4593
39.136,68.13,62.40,102.26,63.88,410.04,67.30,114.36,68.87,87.3422,114.5535
39.168,66.61,73.15,110.60,69.05,390.85,73.23,117.33,64.94,87.4364,114.6477
39.200,61.08,67.02,98.85,67.68,371.27,70.98,115.06,65.63,87.5306,114.7419
39.232,68.18,68.24,103.27,69.61,363.16,74.44,128.41,70.92,87.6311,114.8424
39.264,66.84,68.77,95.94,68.28,363.44,64.97,119.50,66.48,87.7253,114.9366
39.296,64.07,66.27,87.53,70.30,357.38,64.46,113.62,69.86,87.8195,115.0308
39.328,68.38,66.10,90.40,65.73,347.46,64.64,110.49,68.25,87.9137,115.1312
39.360,69.46,67.25,90.13,69.90,331.77,65.52,107.72,62.95,88.0142,115.2254
39.392,74.71,65.61,85.97,69.89,336.42,65.30,106.95,71.06,88.1084,115.3196
39.424,72.00,64.09,79.77,67.18,323.85,70.97,108.30,69.91,88.2026,115.4138
39.456,64.02,66.69,78.58,64.07,318.14,71.05,109.72,66.71,88.3031,115.5143
39.488,60.93,67.24,70.92,68.02,309.69,63.11,106.58,65.01,88.3973,115.6085
39.520,68.67,73.16,68.47,71.80,306.18,60.36,103.18,67.21,88.4915,115.7027
39.552,67.29,62.53,68.94,67.21,294.37,61.90,98.36,65.14,88.5857,115.7969
39.584,66.89,64.60,67.80,65.81,269.36,68.21,96.98,69.47,88.6862,115.8974
39.616,68.85,64.77,68.63,70.01,280.11,67.42,98.50,68.57,88.7804,115.9916
39.648,66.04,70.58,67.62,63.60,258.60,68.30,93.96,64.80,88.8746,116.0858
39.680,63.77,66.81,66.11,69.80,256.57,65.22,85.39,68.38,88.9688,116.1863
39.712,68.91,66.46,70.40,68.13,263.75,64.05,96.04,59.18,89.0692,116.2805
39.744,64.11,64.31,60.58,61.00,239.83,66.65,82.72,68.91,89.1634,116.3747
39.776,62.81,62.84,66.36,67.26,238.15,68.01,81.25,70.66,89.2576,116.4689
39.808,64.33,68.36,64.46,69.97,246.91,64.55,73.78,68.04,89.3581,116.5694
39.840,63.61,69.80,69.76,71.60,230.43,69.93,75.00,65.10,89.4523,116.6636
39.872,64.78,73.24,70.54,72.12,220.55,60.67,69.40,69.10,89.5465,116.7578
39.904,59.96,64.14,62.96,69.19,213.79,58.96,65.50,69.29,89.6407,116.8582
39.936,67.50,67.42,63.91,71.74,212.20,71.61,64.90,70.79,89.7412,116.9524
39.968,66.37,64.22,69.45,67.15,209.39,62.85,72.74,66.33,89.8354,117.0466
40.000,66.21,69.83,64.50,68.54,205.18,76.73,64.66,66.54,89.9296,117.1408
40.032,66.11,64.40,70.10,67.85,196.94,67.53,71.77,68.56,90.0238,117.2413
40.064,70.71,67.76,69.56,64.43,202.78,66.72,68.98,70.40,90.1243,117.3355
40.096,63.35,68.53,73.41,70.77,192.95,62.88,73.78,68.21,90.2185,117.4297
40.128,68.00,66.36,63.77,64.14,182.35,69.68,64.70,64.93,90.3127,117.5239
40.160,73.25,65.38,67.47,65.02,183.66,65.37,70.58,62.67,90.4132,117.6244
40.192,69.34,64.73,64.06,68.71,176.80,66.60,68.13,69.80,90.5074,117.7186
40.224,66.27,61.93,59.60,66.44,173.02,70.84,70.73,64.04,90.6016,117.8128
40.256,68.71,70.36,64.07,71.47,170.29,61.66,66.55,68.60,90.6958,117.9133
40.288,64.16,62.07,70.59,66.69,169.44,68.53,61.59,63.45,90.7962,118.0075
40.320,71.76,65.39,69.94,74.91,167.56,65.41,69.86,62.72,90.8904,118.1017
40.352,68.43,66.49,68.80,69.18,159.04,67.23,63.41,70.84,90.9846,118.1959
40.384,64.43,68.36,67.03,67.42,164.84,70.93,69.63,66.96,91.0851,118.2964
40.416,66.57,68.18,67.99,65.23,154.64,67.47,64.61,75.31,91.1793,118.3906
40.448,62.62,70.88,74.87,67.54,158.97,62.38,66.37,63.63,91.2735,118.4848
40.480,68.02,68.63,70.18,62.81,150.65,64.24,68.96,64.39,91.3677,118.5790
40.512,70.83,69.56,70.17,60.30,158.28,70.68,66.99,65.12,91.4682,118.6794
40.544,78.30,64.70,72.00,66.38,143.53,72.09,64.88,68.91,91.5624,118.7736
40.576,85.37,65.94,73.83,66.55,151.05,73.34,68.23,61.48,91.6566,118.8678
40.608,95.53,64.81,66.76,63.52,148.54,63.88,65.94,70.76,91.7508,118.9683
40.640,97.65,66.93,73.42,66.88,130.52,64.29,63.59,65.26,91.8513,119.0625
40.672,111.08,69.11,74.74,71.18,131.60,61.69,65.97,69.28,91.9455,119.1567
40.704,108.08,81.16,61.56,67.11,138.28,71.84,64.26,69.54,92.0397,119.2509
40.736,113.93,86.49,68.94,68.33,140.07,68.07,61.04,68.38,92.1402,119.3514
40.768,127.77,101.07,76.93,65.95,134.41,58.52,66.85,71.51,92.2344,119.4456
40.800,136.52,106.60,89.12,69.53,139.46,66.20,73.79,67.11,92.3286,119.5398
40.832,141.46,109.55,96.09,69.60,130.76,65.42,66.02,68.84,92.4228,119.6340
40.864,147.45,116.64,105.54,64.23,123.78,71.48,71.06,62.99,92.5232,119.7345
40.896,170.73,132.42,113.64,63.63,132.04,64.89,72.52,71.54,92.6174,119.8287
40.928,192.58,119.13,121.66,68.38,122.76,66.95,66.81,74.78,92.7116,119.9229
40.960,207.49,151.31,130.64,70.66,130.30,75.66,65.27,66.31,92.8058,120.0234
40.992,227.80,158.59,146.40,68.88,127.31,70.83,69.16,70.99,92.9063,120.1176
41.024,256.78,160.70,159.61,68.35,122.69,61.94,70.73,71.34,93.0005,120.2118
41.056,307.54,194.34,166.40,72.03,124.41,67.61,61.23,69.20,93.0947,120.3060
41.088,339.44,212.30,193.76,64.64,123.37,73.43,67.72,64.16,93.1952,120.4064
41.120,373.58,242.62,206.94,71.78,116.09,68.05,69.45,69.96,93.2894,120.5006
41.152,474.16,286.21,240.72,72.29,115.81,66.58,65.73,65.80,93.3836,120.5948
41.184,573.06,338.60,287.17,84.83,122.48,68.68,65.14,66.03,93.4778,120.6953
41.216,927.41,351.20,355.30,74.52,114.58,71.16,71.67,67.77,93.4338,120.7707
41.248,870.91,307.67,379.92,65.27,112.71,70.81,65.49,65.70,93.3836,120.8523
41.280,835.36,248.99,427.24,61.10,105.82,64.91,69.64,69.32,93.3334,120.9340
41.312,949.52,243.05,531.09,69.38,102.57,70.07,64.89,60.86,93.2894,121.0093
41.344,1017.60,223.07,592.06,71.90,102.67,65.09,68.81,70.12,93.2392,121.0910
41.376,951.37,196.22,833.22,65.81,91.92,62.03,61.20,64.04,93.1952,121.1726
41.408,951.52,168.19,1076.14,67.92,80.30,67.02,75.91,69.82,93.1450,121.2542
41.440,908.49,153.10,1221.58,71.41,104.66,66.28,93.61,69.91,93.0947,121.3296
41.472,856.79,133.05,1422.74,76.20,111.61,72.58,98.34,73.49,93.0508,121.4112
41.504,745.75,114.76,1546.76,65.84,127.86,64.00,108.61,69.70,93.0005,121.4929
41.536,687.89,105.59,1653.01,62.63,158.27,68.65,109.62,67.50,92.9503,121.5745
41.568,606.59,96.68,1722.50,74.27,183.67,69.01,110.44,69.09,92.9063,121.6499
41.600,563.84,65.43,1820.92,68.58,220.58,66.50,108.62,69.21,92.8561,121.7315
41.632,493.90,75.31,1860.41,63.17,256.72,63.70,103.71,69.39,92.8058,121.8132
41.664,372.54,65.26,1875.90,68.55,334.04,66.39,117.69,67.46,92.6802,121.9388
41.696,289.05,65.54,1785.91,72.57,412.04,69.60,121.95,64.50,92.5546,122.0644
41.728,253.76,70.01,1698.36,70.58,511.94,76.30,119.58,71.99,92.5044,122.1460
41.760,218.31,66.94,1638.10,72.26,609.42,68.65,119.89,69.52,92.4542,122.2276
41.792,204.88,70.31,1595.52,67.28,706.18,63.82,121.58,67.24,92.4102,122.3093
41.824,161.70,68.93,1482.96,68.34,962.55,69.13,113.57,67.37,92.3600,122.3846
41.856,138.11,65.19,1361.57,67.28,1149.30,65.66,119.77,65.69,92.3160,122.4663
41.888,122.84,62.44,1203.59,69.62,1283.69,64.51,111.26,69.77,92.2658,122.5479
41.920,107.56,71.10,919.33,67.80,1394.27,68.26,107.26,72.64,92.2155,122.6296
41.952,90.13,70.64,686.15,66.88,1504.29,61.08,103.04,70.53,92.1716,122.7049
41.984,63.18,66.63,585.10,63.54,1548.69,67.10,101.71,61.01,92.1213,122.7866
42.016,70.66,65.10,467.23,65.42,1600.62,68.36,94.44,61.78,92.0711,122.8682
42.048,72.37,65.90,375.62,67.17,1626.69,67.20,82.82,69.97,92.0271,122.9436
42.080,63.87,64.53,371.52,70.64,1637.24,64.12,73.94,65.67,92.0899,123.0440
42.112,67.55,68.41,361.87,68.76,1665.31,68.05,66.87,60.88,92.1527,123.1382
42.144,62.61,62.96,361.27,68.43,1683.89,67.22,83.54,66.92,92.2155,123.2324
42.176,63.77,69.69,344.52,70.54,1688.84,72.02,92.24,63.88,92.2783,123.3329
42.208,69.20,63.65,330.82,71.79,1675.76,57.17,95.06,67.63,92.3474,123.4271
42.240,72.05,65.35,330.12,70.85,1685.47,66.54,102.92,71.59,92.4102,123.5213
42.272,65.02,65.83,312.06,69.11,1674.12,63.80,101.20,72.05,92.4730,123.6155
42.304,69.37,66.96,296.78,64.61,1652.59,66.95,108.66,65.39,92.5358,123.7160
42.336,65.71,70.79,291.10,72.36,1649.06,68.02,111.95,66.12,92.5986,123.8102
42.368,70.67,67.26,257.59,67.89,1649.39,67.07,121.49,65.13,92.6677,123.9044
42.400,66.70,68.19,256.97,64.98,1615.64,69.16,122.68,63.29,92.7305,123.9986
42.432,68.17,63.02,230.09,68.40,1569.15,60.09,118.30,64.59,92.7933,124.0991
42.464,66.29,72.17,229.91,67.20,1548.86,67.29,111.50,69.76,92.8561,124.1933
42.496,68.46,69.88,214.96,64.38,1526.99,66.00,125.34,61.24,92.9189,124.2875
42.528,68.58,65.37,199.50,66.22,1468.93,61.83,136.01,72.79,92.9817,124.3880
42.560,67.91,70.84,192.74,66.17,1440.12,69.36,130.95,67.95,93.0508,124.4822
42.592,73.48,66.75,181.19,74.86,1366.24,68.41,147.25,68.81,93.1136,124.5764
42.624,65.49,67.83,166.77,63.05,1317.53,65.85,141.60,68.40,93.1764,124.6706
42.656,65.42,67.35,159.74,68.21,1234.73,68.85,144.80,62.24,93.2392,124.7710
42.688,69.16,68.65,157.97,65.35,1141.48,76.02,145.91,66.73,93.3020,124.8652
42.720,67.29,66.90,146.69,74.43,1048.86,73.01,152.40,69.17,93.3710,124.9594
42.752,66.90,74.44,130.07,71.95,992.40,69.43,154.20,63.11,93.4338,125.0599
42.784,69.09,62.36,120.95,67.44,809.90,70.67,159.80,67.87,93.4966,125.1541
42.816,63.47,67.53,123.32,69.23,774.66,71.77,155.14,68.36,93.5908,125.2483
42.848,68.28,59.89,115.91,62.20,671.59,64.13,146.58,68.97,93.6913,125.3425
42.880,67.67,66.14,119.39,62.49,618.80,68.88,153.63,67.97,93.7855,125.4430
42.912,71.21,59.90,118.04,65.68,595.12,66.94,137.88,68.48,93.8797,125.5372
42.944,67.52,63.28,116.49,66.57,529.57,73.82,141.18,62.65,93.9739,125.6314
42.976,65.88,65.31,113.90,62.43,524.89,70.96,142.51,65.72,94.0744,125.7256
43.008,66.77,70.80,120.26,62.84,485.16,63.54,136.59,70.82,94.1686,125.8261
43.040,70.55,69.27,108.48,70.52,470.30,60.93,132.67,63.60,94.2628,125.9203
43.072,66.48,67.71,107.66,71.16,457.61,71.19,129.71,68.88,94.3570,126.0145
43.104,71.43,68.49,102.65,65.31,431.25,69.17,116.99,73.11,94.4575,126.1150
43.136,72.60,61.87,104.48,63.72,401.88,60.13,125.53,65.52,94.5517,126.2092
43.168,67.51,64.12,101.40,66.92,383.93,70.71,115.32,61.60,94.6459,126.3034
43.200,61.77,67.60,101.42,69.51,367.34,65.00,116.59,74.27,94.7464,126.3976
43.232,69.38,72.66,95.32,63.81,366.23,68.42,117.42,61.75,94.8406,126.4980
43.264,70.93,71.51,94.75,65.67,363.39,68.60,112.06,70.35,94.9348,126.5922
43.296,63.32,66.63,94.71,66.99,349.37,70.11,115.36,65.02,95.0290,126.6864
43.328,67.95,72.37,84.45,61.04,351.92,69.41,111.57,67.59,95.1294,126.7806
43.360,65.51,61.16,82.97,68.94,336.75,72.93,110.18,58.87,95.2236,126.8811
43.392,74.09,72.10,75.29,70.64,326.80,67.71,115.59,64.72,95.3178,126.9753
43.424,67.40,65.96,85.02,64.98,316.43,69.68,106.10,62.67,95.4120,127.0695
43.456,68.22,66.48,76.03,65.25,317.31,69.78,104.98,68.74,95.5125,127.1700
43.488,67.73,70.36,77.43,68.28,304.33,67.77,104.69,67.89,95.6067,127.2642
43.520,73.90,66.98,66.53,68.20,297.40,69.58,102.80,66.64,95.7009,127.3584
43.552,62.35,70.47,66.68,62.70,295.68,66.38,106.30,64.30,95.8014,127.4526
43.584,69.40,69.26,67.70,66.62,274.66,73.24,103.80,71.41,95.8956,127.5531
43.616,65.72,68.61,65.36,70.01,285.96,65.01,98.66,64.57,95.9898,127.6473
43.648,70.73,65.09,65.95,67.94,273.34,68.58,96.09,68.77,96.0840,127.7415
43.680,66.23,68.77,67.94,61.57,257.14,71.04,85.65,63.12,96.1845,127.8357
43.712,68.74,66.43,65.30,62.19,245.41,65.44,87.98,66.12,96.2787,127.9362
43.744,69.05,64.36,70.44,70.21,236.96,63.18,77.48,62.97,96.3729,128.0304
43.776,63.62,62.35,68.86,70.53,225.59,68.35,84.78,67.18,96.4734,128.1246
43.808,69.49,67.16,61.69,63.90,235.53,66.33,81.71,69.44,96.5676,128.2250
43.840,61.04,62.35,69.89,63.73,227.00,66.91,76.05,63.34,96.6618,128.3192
43.872,68.82,69.62,70.23,64.44,219.86,62.78,73.71,70.99,96.7560,128.4134
43.904,66.70,70.83,66.20,67.04,210.49,68.71,66.55,68.18,96.8564,128.5076
43.936,61.23,64.92,68.62,74.22,218.76,66.66,66.06,67.33,96.9506,128.6081
43.968,65.72,64.44,73.65,61.34,219.08,64.47,67.83,64.43,97.0448,128.7023
44.000,67.49,66.17,72.90,65.53,203.08,69.51,67.39,69.12,97.1390,128.7965
44.032,63.82,68.31,64.58,70.79,203.10,63.92,64.57,68.35,97.2395,128.8907
44.064,64.49,66.62,62.51,63.83,191.68,68.85,64.55,67.15,97.3337,128.9912
44.096,68.94,66.65,68.48,69.25,181.94,65.54,68.41,62.39,97.4279,129.0854
44.128,65.85,70.12,71.20,69.35,179.34,63.70,65.47,65.54,97.5284,129.1796
44.160,69.98,66.10,60.26,63.14,186.21,69.47,67.05,66.31,97.6226,129.2801
44.192,70.81,65.20,67.44,64.81,176.42,70.27,61.24,68.05,97.7168,129.3743
44.224,62.15,65.61,62.37,64.95,175.03,65.17,66.05,67.55,97.8110,129.4685
44.256,70.73,64.85,65.75,65.20,162.79,69.10,70.78,65.49,97.9115,129.5627
44.288,66.07,65.66,67.90,63.51,173.80,67.32,63.37,64.91,98.0057,129.6632
44.320,72.85,68.03,67.53,61.46,155.78,66.92,66.38,67.63,98.0999,129.7574
44.352,61.93,58.86,63.75,63.77,160.70,68.39,65.70,62.68,98.1941,129.8516
44.384,65.30,65.79,65.39,68.82,155.15,65.90,66.21,74.20,98.2946,129.9520
44.416,69.87,68.04,64.32,65.67,152.86,61.12,61.88,68.46,98.3888,130.0462
44.448,70.29,70.40,64.93,69.35,155.87,65.83,69.09,63.20,98.4830,130.1404
44.480,70.48,66.70,66.39,62.48,149.59,66.94,65.56,68.45,98.5834,130.2346
44.512,67.27,72.82,65.05,66.50,148.70,69.36,69.09,60.66,98.6776,130.3351
44.544,68.89,68.09,61.93,66.07,142.98,71.93,63.46,68.11,98.7718,130.4293
44.576,64.71,69.34,69.57,72.16,151.15,61.71,74.51,66.59,98.8660,130.5235
44.608,67.15,66.54,63.68,64.27,150.81,66.08,66.77,68.44,98.9665,130.6177
44.640,67.60,71.69,60.91,66.99,142.68,68.36,62.39,64.68,99.0607,130.7182
44.672,63.47,68.37,63.03,68.53,130.73,64.75,66.95,64.57,99.1549,130.8124
44.704,64.22,69.47,64.52,66.81,133.09,70.76,72.84,64.07,99.2491,130.9066
44.736,61.55,68.82,67.73,70.73,128.69,65.04,61.74,70.64,99.3496,131.0071
44.768,69.72,69.05,66.68,62.16,139.07,69.03,66.91,66.60,99.4438,131.1013
44.800,65.76,65.36,59.64,67.19,138.25,65.20,63.47,65.59,99.5380,131.1955
44.832,67.29,70.67,64.84,72.47,129.14,67.18,61.65,60.85,99.6385,131.2897
44.864,67.53,68.87,65.95,66.61,125.53,70.66,61.76,70.78,99.7327,131.3902
44.896,65.49,69.29,68.23,65.04,126.73,66.13,65.90,64.87,99.8269,131.4844
44.928,67.39,72.70,62.33,59.57,114.44,63.15,69.04,64.90,99.9211,131.5786
44.960,64.04,60.50,68.36,69.07,107.71,64.51,69.36,63.70,100.0216,131.6728
44.992,67.63,67.60,63.87,75.31,119.98,59.22,74.87,68.04,100.1158,131.7732
45.024,68.92,65.24,67.02,72.22,118.76,66.11,73.01,67.57,100.2100,131.8674
45.056,65.26,68.18,67.95,71.98,113.09,66.10,66.82,64.61,100.3104,131.9616
45.088,62.77,65.92,65.75,67.46,117.07,68.96,70.13,67.12,100.4046,132.0621
45.120,68.88,66.17,71.33,61.59,111.74,68.29,62.71,71.16,100.4988,132.1563
45.152,69.77,58.15,65.92,63.84,122.03,67.85,66.92,69.68,100.5930,132.2505
45.184,71.44,65.64,67.99,59.04,116.32,63.99,64.57,68.82,100.6935,132.3447
45.216,68.15,66.25,65.93,69.86,114.56,69.14,59.06,66.49,100.7877,132.4452
45.248,69.27,62.39,67.62,69.20,116.40,62.23,70.84,62.75,100.8819,132.5394
45.280,67.06,69.47,67.01,68.16,112.84,66.51,66.68,64.81,100.9761,132.6336
45.312,68.14,68.07,67.37,61.69,113.10,66.31,68.35,70.07,101.0766,132.7278
45.344,68.37,72.94,68.84,67.62,114.97,58.14,67.53,66.79,101.1708,132.8283
45.376,67.75,67.40,69.63,68.58,111.95,67.47,63.80,64.44,101.2650,132.9225
45.408,68.82,70.04,71.67,64.98,112.89,70.80,63.58,74.75,101.3655,133.0167
45.440,68.06,64.10,72.15,66.94,100.49,65.97,61.69,64.15,101.4597,133.1172
45.472,67.79,67.14,70.50,68.21,108.58,57.98,67.38,63.44,101.5539,133.2114
45.504,63.21,70.96,61.39,67.68,101.73,65.06,72.31,67.72,101.6481,133.3056
45.536,66.98,66.38,70.80,68.14,102.32,63.08,67.14,71.31,101.7486,133.3998
45.568,66.07,69.04,68.26,63.11,96.17,68.26,63.37,72.04,101.8428,133.5002
45.600,66.15,69.00,69.34,64.64,100.58,60.14,61.16,68.94,101.9370,133.5944
45.632,64.90,60.08,66.84,70.87,99.85,70.77,69.64,68.09,102.0312,133.6886
45.664,66.59,64.92,66.67,67.58,94.11,68.15,67.46,71.88,102.1316,133.7891
45.696,75.93,65.49,68.90,75.02,97.49,69.70,69.93,66.90,102.2258,133.8833
45.728,65.63,64.19,67.54,72.26,89.95,69.69,63.02,73.32,102.3200,133.9775
45.760,70.08,70.78,64.90,67.66,88.88,66.68,66.37,68.38,102.4205,134.0717
45.792,66.83,67.83,71.53,65.19,88.61,66.46,71.36,64.16,102.5147,134.1722
45.824,64.42,65.04,70.61,62.03,92.30,66.19,71.21,65.71,102.6089,134.2664
45.856,67.59,65.44,69.66,67.49,83.68,69.14,68.57,65.58,102.7031,134.3606
45.888,66.07,72.46,67.15,68.99,73.48,64.09,69.22,68.17,102.8036,134.4548
45.920,64.12,67.23,69.05,68.47,79.93,72.03,64.95,66.99,102.8978,134.5553
45.952,65.03,68.06,63.31,68.12,78.45,66.59,67.50,67.04,102.9920,134.6495
45.984,67.27,65.18,72.68,66.42,80.61,59.02,68.72,63.22,103.0862,134.7437
46.016,67.14,71.05,61.20,71.37,70.87,61.07,65.45,67.51,103.1867,134.8442
46.048,64.55,68.00,64.85,72.72,73.34,62.50,62.10,67.29,103.2809,134.9384
46.080,69.29,67.38,70.10,67.72,75.04,71.03,66.24,67.47,103.3751,135.0326
46.112,68.67,63.68,66.99,67.10,76.13,64.16,67.30,64.75,103.4756,135.1268
46.144,64.81,72.90,70.51,65.90,63.29,68.63,69.26,69.21,103.5698,135.2272
46.176,70.90,72.04,60.64,73.75,72.33,67.64,65.41,66.97,103.6640,135.3214
46.208,68.44,66.43,56.98,64.27,69.25,65.45,66.09,67.56,103.7582,135.4156
46.240,64.49,66.30,60.95,70.61,65.29,67.28,69.10,66.78,103.8586,135.5098
46.272,67.14,66.98,72.34,72.61,65.58,67.35,63.71,64.16,103.9528,135.6103
46.304,65.85,65.85,68.90,69.13,61.78,74.19,65.53,61.99,104.0470,135.7045
46.336,68.46,66.12,72.68,71.04,69.02,61.35,69.53,61.40,104.1475,135.7987
46.368,67.77,66.76,69.63,74.23,66.89,69.06,63.96,68.90,104.2417,135.8992
46.400,64.97,63.43,64.74,61.72,70.14,66.33,70.39,71.18,104.3359,135.9934
46.432,66.58,67.40,72.22,64.53,65.92,67.41,68.44,64.31,104.4301,136.0876
46.464,67.08,66.59,69.99,60.92,64.79,70.07,67.19,67.40,104.5306,136.1818
46.496,68.54,72.35,65.00,62.89,62.96,67.73,72.24,67.07,104.6248,136.2823
46.528,62.45,65.56,67.52,74.29,71.58,62.32,63.13,69.63,104.7190,136.3765
46.560,71.74,61.23,68.93,71.72,69.88,67.95,70.88,69.51,104.8132,136.4707
46.592,63.94,69.54,62.61,72.22,64.24,73.87,70.35,69.41,104.9137,136.5649
46.624,70.13,64.55,71.29,66.83,66.79,62.99,67.90,67.76,105.0079,136.6654
46.656,68.83,67.42,68.40,71.09,68.90,71.98,68.22,66.81,105.1021,136.7596
46.688,66.10,65.43,76.76,68.11,69.45,70.67,67.42,68.76,105.2026,136.8538
46.720,67.34,66.10,66.61,68.03,59.25,73.13,64.19,62.28,105.2968,136.9542
46.752,61.18,65.22,66.97,61.19,67.23,65.63,63.95,68.36,105.3910,137.0484
46.784,64.27,65.84,65.54,65.67,68.19,72.60,69.76,67.95,105.4852,137.1426
46.816,67.07,64.38,66.20,68.66,67.52,72.31,67.67,68.61,105.5856,137.2368
46.848,71.03,66.31,63.11,61.34,71.30,68.97,67.44,69.73,105.6798,137.3373
46.880,65.10,77.07,67.42,65.86,64.07,67.60,66.89,64.38,105.7740,137.4315
46.912,69.78,65.63,67.79,64.37,68.39,60.98,68.33,67.76,105.8682,137.5257
46.944,64.62,64.83,67.69,69.93,62.95,66.51,66.46,68.75,105.9687,137.6262
46.976,72.87,70.15,63.38,63.55,69.34,70.99,71.00,65.06,106.0629,137.7204
47.008,68.42,70.38,68.28,67.06,65.50,70.26,65.41,59.85,106.1571,137.8146
47.040,70.25,62.98,64.00,73.50,68.16,66.55,67.24,68.16,106.2576,137.9088
47.072,68.25,62.54,72.04,62.47,64.02,61.12,62.73,63.32,106.3518,138.0093
47.104,63.43,72.23,66.89,62.77,68.60,66.64,66.94,67.40,106.4460,138.1035
47.136,69.63,70.50,63.92,68.63,68.38,69.98,72.78,64.84,106.5402,138.1977
47.168,68.99,68.58,72.98,66.30,66.23,68.13,68.21,65.16,106.6407,138.2919
47.200,69.26,71.14,63.15,63.43,66.60,66.10,66.26,70.30,106.7349,138.3924
47.232,65.62,70.24,58.87,64.59,61.19,62.16,68.73,70.52,106.8291,138.4866
47.264,64.92,64.30,65.66,72.63,68.53,65.22,65.07,61.76,106.9233,138.5808
47.296,68.48,69.92,61.27,63.69,61.26,65.91,71.16,69.60,107.0238,138.6812
47.328,72.36,68.05,62.63,65.57,63.57,64.65,67.86,73.51,107.1180,138.7754
47.360,68.55,68.66,64.57,69.00,68.87,63.91,64.74,66.40,107.2122,138.8696
47.392,68.41,63.54,64.62,65.33,66.92,68.51,65.66,63.86,107.3126,138.9638
47.424,67.20,71.15,66.28,65.92,64.98,61.37,67.54,65.29,107.4068,139.0643
47.456,68.58,64.80,64.55,70.54,64.56,73.47,72.77,68.06,107.5010,139.1585
47.488,70.37,65.60,67.83,64.83,62.80,67.06,67.98,60.60,107.5952,139.2527
47.520,67.88,68.58,66.00,65.71,68.79,63.43,72.13,65.53,107.6957,139.3469
47.552,67.23,69.20,69.80,74.16,68.52,67.05,67.10,68.90,107.7899,139.4474
47.584,68.64,65.57,65.63,67.65,64.57,70.68,64.88,64.95,107.8841,139.5416
47.616,66.83,66.12,71.23,65.71,62.55,67.41,68.21,67.72,107.9846,139.6358
47.648,70.27,70.65,66.10,68.91,64.00,65.97,64.77,66.82,108.0788,139.7363
47.680,63.10,60.38,65.55,63.74,68.95,67.65,65.80,69.58,108.1730,139.8305
47.712,69.30,70.82,62.71,65.86,68.01,63.56,70.74,71.02,108.2672,139.9247
47.744,66.45,70.25,69.96,67.06,69.15,66.04,66.89,67.38,108.3677,140.0189
47.776,70.84,67.00,67.39,63.76,65.63,70.43,67.43,64.12,108.4619,140.1194
47.808,67.10,65.32,68.41,64.50,61.05,72.48,65.49,66.68,108.5561,140.2136
47.840,62.19,67.31,70.45,66.01,65.07,65.44,68.05,65.48,108.6503,140.3078
47.872,65.74,62.75,60.76,63.69,68.91,63.67,63.31,66.45,108.7508,140.4020
47.904,65.82,66.65,65.79,68.03,65.99,64.32,64.71,69.64,108.8450,140.5024
47.936,66.72,65.03,65.60,67.99,68.39,63.95,73.47,63.94,108.9392,140.5966
47.968,65.55,60.67,60.97,70.93,69.30,68.23,69.68,63.50,109.0396,140.6908
48.000,66.42,68.46,66.84,63.70,65.19,68.36,70.83,69.15,109.1338,140.7913
48.032,64.15,69.36,67.07,70.10,67.14,64.64,62.54,66.72,109.2280,140.8855
48.064,72.57,70.19,61.79,65.89,69.04,62.31,60.79,67.59,109.3222,140.9797
48.096,62.49,61.39,72.93,67.20,74.51,67.83,65.23,64.28,109.4227,141.0739
48.128,69.47,66.29,73.92,70.67,68.29,67.27,69.48,69.80,109.5169,141.1744
48.160,64.63,66.81,71.28,73.43,74.16,62.94,64.65,66.10,109.6111,141.2686
48.192,68.31,69.14,70.60,66.86,63.32,71.90,62.84,75.38,109.7053,141.3628
48.224,65.40,69.13,62.17,63.03,70.80,68.44,71.92,67.51,109.8058,141.4633
48.256,66.38,63.48,71.47,60.22,67.99,73.54,67.13,65.68,109.9000,141.5575
48.288,63.80,63.98,67.98,65.32,66.34,66.47,65.07,61.80,109.9942,141.6517
48.320,68.35,70.57,69.13,73.14,66.38,69.65,64.96,69.52,110.0947,141.7459
48.352,64.31,69.00,67.76,65.57,70.98,59.45,66.08,65.31,110.1889,141.8464
48.384,70.37,64.86,66.53,69.28,67.64,69.94,69.56,65.79,110.2831,141.9406
48.416,68.65,68.59,60.27,63.51,62.33,68.42,60.66,67.25,110.3773,142.0348
48.448,63.52,69.59,68.95,69.18,69.65,64.52,67.11,65.44,110.4778,142.1290
48.480,66.90,59.65,67.99,61.35,73.31,67.05,66.46,65.55,110.5720,142.2294
48.512,66.85,66.23,66.89,76.08,61.89,61.54,67.97,65.21,110.6662,142.3236
48.544,70.10,67.20,63.29,65.02,69.80,63.63,63.47,62.04,110.7604,142.4178
48.576,72.21,70.94,67.38,65.74,66.76,69.80,72.25,68.68,110.8608,142.5183
48.608,71.54,62.91,67.84,66.83,63.29,65.27,65.85,70.33,110.9550,142.6125
48.640,71.51,66.54,65.18,74.96,64.12,67.28,65.99,70.58,111.0492,142.7067
48.672,64.44,60.99,63.14,65.94,68.03,71.83,66.10,65.94,111.1497,142.8009
48.704,61.67,71.98,71.05,70.85,64.21,71.78,71.48,67.13,111.2439,142.9014
48.736,68.10,63.52,68.93,67.75,65.00,67.22,68.28,70.28,111.3381,142.9956
48.768,68.84,65.57,62.93,72.41,65.80,69.40,70.73,65.44,111.4323,143.0898
48.800,70.37,63.15,70.61,68.97,68.27,65.77,61.20,72.67,111.5328,143.1840
48.832,66.44,65.25,60.73,70.42,66.16,68.90,65.76,66.90,111.6270,143.2845
48.864,65.07,67.53,62.55,70.67,69.80,66.41,70.38,64.45,111.7212,143.3787
48.896,64.58,65.48,72.32,67.95,70.62,67.21,63.45,68.73,111.8217,143.4729
48.928,66.26,68.15,67.14,62.18,62.92,64.57,65.16,70.43,111.9159,143.5734
48.960,69.79,67.13,68.93,64.69,70.07,63.69,75.13,64.89,112.0101,143.6676
48.992,74.03,64.99,69.80,66.03,66.15,67.89,69.95,65.13,112.1043,143.7618
49.024,68.83,64.17,69.66,72.23,71.08,66.64,66.58,74.29,112.2048,143.8560
49.056,66.26,64.00,66.04,68.58,66.87,63.86,72.35,63.62,112.2990,143.9564
49.088,67.52,65.19,71.55,70.84,65.58,69.06,65.24,69.63,112.3932,144.0506
49.120,67.42,59.83,66.86,64.89,69.99,70.65,62.76,69.12,112.4874,144.1448
49.152,65.92,65.59,70.26,62.43,67.97,67.43,71.36,68.01,112.5878,144.2390
49.184,67.85,72.68,69.00,69.61,66.40,69.62,64.68,66.29,112.6820,144.3395
49.216,66.51,67.22,71.94,73.24,71.50,68.37,72.46,67.33,112.7762,144.4337
49.248,66.87,69.35,65.62,72.57,62.52,64.19,65.95,65.98,112.8767,144.5279
49.280,64.98,69.41,70.08,62.18,64.27,65.91,69.35,64.89,112.9709,144.6284
49.312,66.14,64.68,68.60,66.32,65.21,63.98,67.00,63.80,113.0651,144.7226
49.344,74.98,69.77,62.95,66.79,63.43,67.76,69.01,65.73,113.1593,144.8168
49.376,69.10,61.69,69.20,66.29,66.79,64.34,67.65,69.48,113.2598,144.9110
49.408,63.83,64.46,68.35,64.96,70.37,60.67,70.92,74.29,113.3540,145.0115
49.440,69.25,68.54,65.39,68.26,66.12,66.85,67.94,67.45,113.4482,145.1057
49.472,69.09,71.12,68.54,69.49,64.60,63.00,67.06,65.81,113.5424,145.1999
49.504,70.48,60.57,67.77,64.77,67.30,63.91,73.89,71.43,113.6429,145.3004
49.536,66.58,73.26,73.31,66.35,68.96,66.21,63.82,66.40,113.7371,145.3946
49.568,67.42,63.75,64.59,67.89,66.46,68.14,65.77,67.19,113.8313,145.4888
49.600,59.91,67.07,63.54,67.93,71.66,63.04,63.80,67.81,113.9318,145.5830
49.632,61.99,66.03,73.48,65.32,70.71,65.43,74.48,66.18,114.0260,145.6834
49.664,65.89,70.07,68.23,66.23,76.47,66.42,63.23,65.97,114.1202,145.7776
49.696,68.93,67.65,64.25,68.12,70.47,70.10,63.81,68.63,114.2144,145.8718
49.728,68.90,65.65,64.91,65.77,65.69,69.44,67.11,64.56,114.3148,145.9660
49.760,71.31,64.38,67.79,67.56,65.96,67.55,67.72,69.20,114.4090,146.0665
49.792,66.39,66.86,66.29,70.25,64.28,69.52,62.19,73.77,114.5032,146.1607
49.824,69.73,59.43,72.39,61.23,64.61,70.33,71.60,62.31,114.5974,146.2549
49.856,69.36,67.05,64.48,67.70,65.12,61.08,67.24,67.67,114.6979,146.3554
49.888,63.11,66.29,63.87,69.63,73.79,66.39,68.74,59.26,114.7921,146.4496
49.920,63.16,65.81,63.87,69.55,67.58,68.10,61.80,73.51,114.8863,146.5438
49.952,65.31,70.60,71.74,73.00,65.50,68.15,66.63,69.78,114.9868,146.6380
49.984,71.23,64.99,69.03,69.54,68.99,67.32,72.84,67.06,115.0810,146.7385
50.016,67.01,66.27,65.78,68.82,69.37,72.85,67.92,66.70,115.1752,146.8327
50.048,67.59,68.30,64.83,63.09,70.04,70.90,71.00,67.08,115.2694,146.9269
50.080,68.74,65.60,70.41,67.02,64.50,66.85,70.08,69.87,115.3699,147.0211
50.112,66.51,69.19,67.47,68.13,65.06,71.75,67.79,68.04,115.4641,147.1216
50.144,67.81,66.79,65.83,61.70,65.25,63.92,69.64,68.82,115.5583,147.2158
50.176,69.23,71.99,67.78,65.06,67.71,69.93,69.85,70.62,115.6525,147.3100
50.208,69.98,66.63,68.36,66.25,66.35,72.81,60.94,69.51,115.7530,147.4104
50.240,67.08,66.89,64.07,61.69,66.10,67.25,67.85,60.60,115.8472,147.5046
50.272,75.34,66.48,68.99,65.44,73.67,70.70,67.16,65.33,115.9414,147.5988
50.304,65.05,67.12,69.30,65.24,66.74,74.72,66.93,71.38,116.0418,147.6930
50.336,57.86,69.26,59.10,60.54,71.04,63.95,71.32,69.23,116.1360,147.7935
50.368,64.53,74.24,72.40,65.49,65.15,65.83,69.46,66.18,116.2302,147.8877
50.400,71.56,68.31,64.83,69.27,63.68,68.35,71.06,67.92,116.3244,147.9819
50.432,63.46,68.97,67.76,66.58,65.84,65.69,74.19,70.33,116.4249,148.0761
50.464,70.31,67.13,69.76,69.90,66.86,65.84,69.22,67.27,116.5191,148.1766
50.496,61.07,68.92,74.54,69.56,72.73,66.07,63.78,63.75,116.6133,148.2708
50.528,64.08,70.51,63.27,71.30,66.63,65.73,66.19,70.52,116.7138,148.3650
50.560,66.00,64.27,68.79,64.34,68.52,66.34,68.11,73.36,116.8080,148.4655
50.592,63.67,68.61,66.06,75.37,67.53,64.44,67.69,71.12,116.9022,148.5597
50.624,66.99,69.28,66.17,67.28,67.03,70.69,65.69,65.14,116.9964,148.6539
50.656,65.49,69.55,69.44,63.08,70.29,66.82,60.79,66.79,117.0969,148.7481
50.688,71.20,63.88,67.34,65.63,63.64,74.70,66.12,67.27,117.1911,148.8486
50.720,69.60,66.81,68.72,69.51,71.05,71.43,68.93,65.06,117.2853,148.9428
50.752,66.20,68.75,63.82,70.23,61.42,59.84,65.41,66.35,117.3795,149.0370
50.784,68.77,69.48,62.93,64.01,65.84,65.55,67.12,70.91,117.4800,149.1374
50.816,68.67,70.17,61.16,66.30,69.68,63.29,71.25,68.18,117.5742,149.2316
50.848,59.17,73.15,73.11,61.57,68.62,71.26,68.34,69.05,117.6684,149.3258
50.880,68.67,68.47,72.46,72.57,63.38,68.71,67.47,68.38,117.7688,149.4200
50.912,59.67,72.19,62.70,67.32,64.87,63.70,67.20,65.40,117.8630,149.5205
50.944,68.05,62.44,67.88,69.57,68.34,68.17,58.03,68.53,117.9572,149.6147
50.976,63.24,72.05,65.05,63.54,68.16,66.81,62.01,66.48,118.0514,149.7089
51.008,65.56,67.62,64.05,71.33,69.57,70.16,66.68,69.36,118.1519,149.8031
51.040,62.56,64.44,72.77,69.86,67.66,69.60,66.40,67.43,118.2461,149.9036
51.072,65.20,65.22,68.79,63.29,68.65,66.16,62.98,64.91,118.3403,149.9978
51.104,69.38,68.31,66.58,66.81,69.18,65.51,72.30,68.10,118.4345,150.0920
51.136,68.60,63.74,67.70,73.31,64.59,64.57,72.16,68.19,118.5350,150.1925
51.168,69.38,66.31,71.40,69.14,63.68,71.20,64.22,67.37,118.6292,150.2867
51.200,63.18,67.83,73.22,74.05,62.85,66.96,62.25,68.10,118.7234,150.3809
51.232,69.90,66.90,63.18,63.25,72.67,69.84,67.98,67.94,118.8239,150.4751
51.264,68.25,72.73,63.99,70.02,67.62,64.51,65.31,62.29,118.9181,150.5756
51.296,72.35,65.63,65.31,68.85,60.13,69.26,66.08,65.38,119.0123,150.6698
51.328,68.01,68.49,63.10,63.66,65.76,68.16,71.95,69.46,119.1065,150.7640
51.360,61.95,65.62,64.91,72.43,67.02,70.16,67.11,67.61,119.2070,150.8582
51.392,66.47,62.83,69.54,65.43,72.77,68.74,67.22,66.10,119.3012,150.9586
51.424,69.41,65.16,70.78,72.34,62.89,59.51,68.70,69.31,119.3954,151.0528
51.456,61.97,60.49,69.22,71.54,64.38,70.30,63.18,67.81,119.4896,151.1470
51.488,69.63,76.45,68.34,60.83,70.07,63.50,65.92,64.73,119.5900,151.2475
51.520,64.82,70.28,63.18,66.60,60.83,72.44,74.28,68.43,119.6842,151.3417
51.552,67.46,62.76,69.58,67.97,68.81,63.34,68.54,61.13,119.7784,151.4359
51.584,61.78,69.55,67.12,63.76,67.47,60.51,71.54,72.51,119.8789,151.5301
51.616,67.51,67.74,69.58,72.31,73.73,67.37,65.72,72.22,119.9731,151.6306
51.648,63.71,67.40,67.89,68.68,60.27,64.40,64.16,64.10,120.0673,151.7248
51.680,66.96,70.04,67.53,67.73,63.27,65.53,66.25,67.92,120.1615,151.8190
51.712,69.16,71.33,63.00,70.04,67.61,63.55,61.42,63.36,120.2620,151.9132
51.744,76.86,64.45,69.51,64.46,71.04,68.43,64.45,66.10,120.3562,152.0137
51.776,74.63,71.85,73.22,62.58,66.12,66.97,66.81,70.22,120.4504,152.1079
51.808,66.29,71.37,66.76,71.22,67.36,70.42,65.14,67.17,120.5509,152.2021
51.840,66.89,66.98,70.70,64.12,67.47,66.66,64.92,69.75,120.6451,152.3026
51.872,71.30,66.88,61.81,67.21,72.87,70.80,70.01,60.85,120.7393,152.3968
51.904,65.58,69.65,64.98,70.03,66.57,68.33,72.55,65.23,120.8335,152.4910
51.936,67.26,67.27,63.22,65.24,68.87,65.20,65.24,69.79,120.9340,152.5852
51.968,60.84,68.52,59.12,64.78,66.83,64.87,69.99,70.92,121.0282,152.6856
52.000,64.07,64.66,71.77,65.21,68.67,72.53,67.54,66.45,121.1224,152.7798
52.032,63.69,63.58,65.08,64.50,75.07,69.23,61.53,65.81,121.2166,152.8740
52.064,67.75,69.50,71.67,72.11,67.14,68.01,68.06,68.97,121.3170,152.9682
52.096,67.25,66.77,62.62,68.78,65.13,62.40,64.70,69.41,121.4112,153.0687
52.128,69.13,67.39,63.58,70.22,68.45,63.71,69.08,70.33,121.5054,153.1629
52.160,73.56,65.55,64.99,61.45,63.20,69.36,70.03,69.35,121.6059,153.2571
52.192,71.34,65.28,63.79,65.02,71.30,63.77,69.02,66.08,121.7001,153.3576
52.224,62.98,64.61,69.20,71.81,70.61,67.65,67.92,70.16,121.7943,153.4518
52.256,67.75,68.96,66.38,63.38,67.27,65.98,67.77,73.72,121.8885,153.5460
52.288,71.06,66.38,64.63,67.03,63.50,62.75,66.74,70.17,121.9890,153.6402
52.320,61.80,70.63,68.03,69.93,72.26,71.54,78.03,72.37,122.0832,153.7407
52.352,66.62,70.85,63.96,67.18,72.40,63.17,67.40,63.53,122.1774,153.8349
52.384,65.62,66.26,64.25,62.90,65.62,67.69,65.43,69.09,122.2716,153.9291
52.416,66.01,59.55,70.02,70.16,70.67,68.56,70.28,67.55,122.3721,154.0296
52.448,63.64,66.40,69.37,65.14,68.01,70.61,64.70,65.95,122.4663,154.1238
52.480,72.71,60.73,65.97,68.07,66.19,62.59,62.22,73.49,122.5605,154.2180
52.512,60.65,66.86,67.25,65.41,64.06,65.72,63.82,66.22,122.6610,154.3122
52.544,68.44,67.73,72.04,64.39,70.04,69.32,70.28,64.45,122.7552,154.4126
52.576,65.77,66.62,63.08,66.08,71.26,70.07,65.30,67.23,122.8494,154.5068
52.608,63.36,66.74,60.59,66.52,71.73,65.90,65.88,71.05,122.9436,154.6010
52.640,68.56,68.71,66.01,64.65,60.95,69.02,65.90,70.14,123.0440,154.6952
52.672,66.91,66.51,65.19,71.58,66.79,66.66,64.99,68.55,123.1382,154.7957
52.704,66.90,68.51,69.60,69.87,67.10,67.83,64.38,63.81,123.2324,154.8899
52.736,65.54,72.00,70.66,69.26,66.19,68.46,68.26,70.21,123.3266,154.9841
52.768,62.17,64.88,63.44,73.95,64.63,66.62,69.40,66.51,123.4271,155.0846
52.800,65.63,69.52,63.23,70.59,67.76,67.69,64.88,68.93,123.5213,155.1788
52.832,67.21,67.91,63.64,71.29,68.65,64.60,67.49,70.39,123.6155,155.2730
52.864,67.76,63.89,60.71,67.39,67.43,64.75,64.80,66.14,123.7160,155.3672
52.896,67.93,68.66,65.09,64.29,66.12,62.56,60.39,67.16,123.8102,155.4677
52.928,64.16,66.10,67.08,67.58,66.49,67.92,67.16,71.14,123.9044,155.5619
52.960,69.62,72.38,74.19,68.73,70.06,67.96,66.78,72.91,123.9986,155.6561
52.992,72.50,71.46,66.47,69.59,67.58,67.10,64.23,66.35,124.0991,155.7503
53.024,67.76,67.01,74.08,62.17,68.36,70.66,66.25,68.82,124.1933,155.8508
53.056,69.26,66.16,62.60,64.24,68.79,66.19,64.49,64.76,124.2875,155.9450
53.088,63.99,62.99,69.95,65.55,66.43,60.79,61.84,65.79,124.3880,156.0392
53.120,69.05,69.72,72.31,70.48,70.50,62.48,70.78,67.52,124.4822,156.1396
53.152,63.00,70.78,64.56,71.91,66.52,69.90,65.13,69.13,124.5764,156.2338
53.184,69.35,64.09,58.89,69.60,68.32,65.22,63.35,68.83,124.6706,156.3280
53.216,68.66,72.77,67.54,64.81,70.97,74.14,69.04,64.89,124.7710,156.4222
53.248,58.24,67.93,71.63,66.18,64.28,63.56,73.25,65.97,124.8652,156.5227
53.280,68.51,62.55,69.93,68.80,66.29,66.22,62.87,71.44,124.9594,156.6169
53.312,69.03,67.97,66.31,63.07,65.56,71.30,64.74,64.82,125.0536,156.7111
53.344,76.56,69.33,71.51,64.80,67.57,64.55,63.95,67.65,125.1541,156.8053
53.376,66.25,70.02,71.53,68.06,65.35,67.43,63.52,70.90,125.2483,156.9058
53.408,64.26,68.89,65.34,63.26,73.61,68.89,68.10,72.13,125.3425,157.0000
53.440,67.38,61.68,73.03,68.62,65.96,64.97,68.27,67.52,125.4430,157.0942
53.472,59.98,66.35,73.27,67.03,69.34,65.78,67.15,63.21,125.5372,157.1947
53.504,76.52,70.85,74.17,64.31,67.19,63.88,65.99,70.48,125.6314,157.2889
53.536,64.46,65.37,69.79,73.38,62.25,69.11,69.59,67.33,125.7256,157.3831
53.568,73.00,72.60,69.53,71.73,66.74,66.56,68.90,66.23,125.8261,157.4773
53.600,74.93,71.95,62.63,70.14,66.06,69.97,69.38,65.94,125.9203,157.5778
53.632,66.68,66.37,70.79,68.63,66.84,60.66,71.00,70.81,126.0145,157.6720
53.664,73.35,69.24,67.57,64.60,68.65,65.39,67.00,67.14,126.1087,157.7662
53.696,64.28,65.48,70.36,67.58,66.61,74.92,62.64,65.60,126.2092,157.8666
53.728,70.74,67.25,64.15,70.00,63.69,62.01,64.47,68.70,126.3034,157.9608
53.760,67.58,67.38,68.43,67.66,69.27,70.82,74.16,69.09,126.3976,158.0550
53.792,73.00,65.54,67.98,69.23,67.10,70.01,63.12,66.68,126.4980,158.1492
53.824,62.51,68.27,67.71,65.42,71.17,68.71,69.13,69.59,126.5922,158.2497
53.856,65.20,65.63,71.02,67.47,72.67,65.86,60.34,62.09,126.6864,158.3439
53.888,68.39,68.48,66.24,73.74,67.58,68.96,62.79,66.23,126.7806,158.4381
53.920,58.78,71.73,61.85,62.81,65.19,72.02,60.36,66.74,126.8811,158.5323
53.952,72.30,65.71,68.13,68.30,68.70,64.12,75.13,67.31,126.9753,158.6328
53.984,67.23,64.91,64.91,65.43,67.06,65.91,68.75,64.99,127.0695,158.7270
54.016,61.62,69.95,64.57,73.24,69.12,64.22,65.15,72.02,127.1637,158.8212
54.048,68.04,67.29,65.87,67.61,66.64,71.41,70.50,70.09,127.2642,158.9217
54.080,67.01,68.57,68.01,65.91,71.62,67.45,64.71,66.14,127.3584,159.0159
54.112,60.91,67.39,66.70,65.92,64.53,61.46,62.60,66.21,127.4526,159.1101
54.144,65.15,63.94,65.32,62.36,65.91,65.38,62.23,59.49,127.5531,159.2043
54.176,65.80,69.82,70.39,65.75,66.45,70.46,64.90,66.93,127.6473,159.3048
54.208,69.20,64.23,72.21,62.13,64.77,70.09,69.85,66.89,127.7415,159.3990
54.240,73.66,59.70,67.90,68.82,67.85,64.06,67.37,68.15,127.8357,159.4932
54.272,60.96,68.68,69.49,64.32,62.06,73.21,68.58,67.47,127.9362,159.5874
54.304,69.82,69.85,68.15,66.05,60.50,63.26,68.00,66.10,128.0304,159.6878
54.336,67.45,65.09,73.77,67.32,66.75,67.41,71.50,61.95,128.1246,159.7820
54.368,70.06,72.27,69.07,65.27,68.40,64.45,64.62,69.83,128.2250,159.8762
54.400,68.50,62.53,65.04,65.53,65.84,64.73,70.20,66.23,128.3192,159.9767
54.432,63.78,65.62,68.26,67.52,66.73,67.87,66.88,64.06,128.4134,160.0709
54.464,67.90,64.20,61.45,66.60,68.43,64.59,71.54,65.65,128.5076,160.1651
54.496,69.13,63.06,64.08,58.20,65.58,62.06,69.14,71.19,128.6081,160.2593
54.528,66.89,70.02,65.58,63.47,69.81,69.29,61.79,58.44,128.7023,160.3598
54.560,63.53,71.48,62.54,70.52,72.93,67.02,69.30,64.70,128.7965,160.4540
54.592,63.51,69.45,61.93,71.38,70.60,73.14,59.15,69.52,128.8907,160.5482
54.624,61.49,66.11,63.44,65.19,68.65,69.09,71.15,69.39,128.9912,160.6424
54.656,66.55,73.16,77.22,64.31,67.45,70.83,67.48,64.94,129.0854,160.7429
54.688,71.07,62.04,72.25,62.33,69.44,71.53,64.39,66.55,129.1796,160.8371
54.720,69.47,65.35,70.32,65.34,73.51,63.13,70.30,65.67,129.2801,160.9313
54.752,64.87,66.94,65.18,69.19,65.29,67.76,72.47,67.86,129.3743,161.0318
54.784,66.24,64.57,68.91,64.57,72.22,70.32,68.31,70.38,129.4685,161.1260
54.816,65.66,62.15,70.45,69.33,68.89,61.13,65.08,67.49,129.5627,161.2202
54.848,65.28,64.60,67.81,67.55,67.60,67.25,66.74,66.11,129.6632,161.3144
54.880,64.54,61.66,67.72,68.97,62.59,67.42,66.34,68.40,129.7574,161.4148
54.912,66.50,67.37,73.38,62.96,66.81,63.45,72.00,69.96,129.8516,161.5090
54.944,66.15,62.92,68.33,66.75,58.84,67.70,62.69,64.22,129.9458,161.6032
54.976,72.53,69.05,65.04,66.44,69.08,65.85,69.92,65.67,130.0462,161.7037
55.008,65.15,66.64,69.70,65.84,66.10,70.37,67.30,64.93,130.1404,161.7979
55.040,62.99,66.04,65.85,62.35,72.19,61.92,64.65,73.42,130.2346,161.8921
55.072,63.38,71.08,69.96,69.55,69.67,69.87,69.96,70.77,130.3351,161.9863
55.104,69.65,70.62,68.10,66.62,69.47,71.76,65.86,72.86,130.4293,162.0868
55.136,73.43,63.54,71.15,68.31,60.59,65.13,66.35,60.94,130.5235,162.1810
55.168,67.14,66.66,64.60,62.99,65.94,61.66,66.46,69.45,130.6177,162.2752
55.200,68.19,64.98,64.40,70.84,65.50,66.28,70.64,66.40,130.7182,162.3694
55.232,61.13,62.70,69.51,70.02,64.23,70.34,61.46,67.08,130.8124,162.4699
55.264,60.91,64.90,67.76,67.82,63.37,66.75,69.08,71.32,130.9066,162.5641
55.296,62.42,64.93,70.41,69.87,64.13,68.09,67.21,69.63,131.0008,162.6583
55.328,66.46,67.37,64.54,71.31,70.28,63.15,69.34,69.08,131.1013,162.7588
55.360,72.86,69.59,66.42,66.18,72.87,66.56,71.30,64.77,131.1955,162.8530
55.392,66.98,62.72,71.72,71.61,68.97,65.93,68.51,66.81,131.2897,162.9472
55.424,69.08,66.38,65.04,65.16,72.30,67.08,68.61,63.46,131.3902,163.0414
55.456,71.07,75.24,60.13,68.52,68.20,74.66,66.43,67.41,131.4844,163.1418
55.488,65.63,69.84,67.49,70.34,68.64,64.62,63.56,70.99,131.5786,163.2360
55.520,62.86,69.79,61.38,67.16,68.14,66.32,67.29,62.09,131.6728,163.3302
55.552,63.38,66.05,70.09,71.83,63.05,67.19,67.52,70.62,131.7732,163.4244
55.584,70.62,65.66,62.95,62.98,63.64,69.00,60.05,66.06,131.8674,163.5249
55.616,62.97,68.86,65.13,65.19,71.19,67.73,69.38,68.62,131.9616,163.6191
55.648,64.72,63.71,65.45,68.38,64.54,58.93,63.01,70.54,132.0621,163.7133
55.680,62.30,71.32,72.41,69.49,59.76,60.89,61.16,66.40,132.1563,163.8138
55.712,69.19,70.15,67.94,68.31,69.33,60.18,64.99,67.48,132.2505,163.9080
55.744,69.64,67.57,64.48,70.07,67.21,60.73,69.28,65.16,132.3447,164.0022
55.776,64.89,68.93,65.02,63.81,67.30,66.32,67.73,69.88,132.4452,164.0964
55.808,65.09,64.56,69.88,65.74,70.24,63.13,65.69,63.68,132.5394,164.1969
55.840,66.04,63.59,73.16,70.86,67.59,68.95,64.97,68.05,132.6336,164.2911
55.872,66.69,67.68,62.02,67.39,65.35,62.63,67.00,68.72,132.7278,164.3853
55.904,68.75,58.66,69.68,66.44,74.26,69.89,64.01,67.77,132.8283,164.4795
55.936,67.06,61.17,67.35,68.95,66.58,63.04,66.52,65.53,132.9225,164.5800
55.968,68.67,66.90,68.92,67.51,63.57,65.79,65.36,70.49,133.0167,164.6742
56.000,69.18,65.24,69.16,71.51,65.68,66.38,67.36,68.24,133.1172,164.7684
56.032,63.09,67.51,63.79,71.83,65.26,70.19,66.87,63.07,133.2114,164.8688
56.064,69.03,60.83,64.63,65.41,63.74,67.13,67.12,65.06,133.3056,164.9630
56.096,63.60,65.49,67.53,63.67,68.41,62.85,69.44,65.29,133.3998,165.0572
56.128,69.25,66.13,62.19,70.31,64.72,66.24,62.86,69.32,133.5002,165.1514
56.160,70.38,63.66,72.25,63.77,62.51,72.85,67.94,66.97,133.5944,165.2519
56.192,61.72,66.85,68.05,69.21,67.59,70.95,70.22,65.26,133.6886,165.3461
56.224,65.69,67.59,65.62,64.04,69.59,63.34,67.97,70.07,133.7828,165.4403
56.256,72.90,67.86,69.63,68.69,68.83,67.96,67.85,65.82,133.8833,165.5408
56.288,67.71,68.30,74.54,65.84,67.79,66.20,68.49,64.91,133.9775,165.6350
56.320,70.61,63.67,73.46,69.87,60.46,61.61,63.71,66.40,134.0717,165.7292
56.352,62.76,67.28,65.14,68.22,69.80,68.73,75.18,72.50,134.1722,165.8234
56.384,71.19,70.59,70.06,65.62,69.21,64.97,65.17,66.22,134.2664,165.9239
56.416,66.35,72.01,65.29,64.47,64.77,68.00,70.87,65.98,134.3606,166.0181
56.448,63.54,68.51,67.31,69.70,69.72,67.20,65.71,63.69,134.4548,166.1123
56.480,68.76,64.88,71.18,63.20,70.79,67.93,69.35,64.38,134.5553,166.2065
56.512,65.52,63.36,60.10,67.66,59.79,68.29,62.56,65.42,134.6495,166.3070
56.544,75.11,67.21,70.18,70.73,67.05,65.09,67.68,68.48,134.7437,166.4012
56.576,86.35,63.18,69.04,68.69,65.04,62.94,64.65,61.73,134.8379,166.4954
56.608,89.30,71.24,72.80,69.20,70.14,72.31,69.46,66.84,134.9384,166.5958
56.640,106.36,68.03,69.59,69.38,64.16,63.59,61.08,63.96,135.0326,166.6900
56.672,108.80,59.62,71.88,63.01,62.81,64.51,74.26,66.78,135.1268,166.7842
56.704,115.44,75.02,72.03,66.05,65.02,66.34,62.45,67.40,135.2272,166.8784
56.736,115.32,79.67,63.55,67.02,65.63,67.16,67.28,71.38,135.3214,166.9789
56.768,118.18,93.97,80.90,68.97,69.18,67.85,68.12,68.89,135.4156,167.0731
56.800,140.35,102.90,89.69,65.58,64.47,74.22,68.26,64.85,135.5098,167.1673
56.832,138.25,106.89,101.59,72.30,65.91,67.76,66.29,65.23,135.6103,167.2615
56.864,147.22,120.19,107.81,61.49,64.43,66.07,66.27,69.41,135.7045,167.3620
56.896,165.07,126.23,115.03,60.60,64.07,68.51,65.72,71.45,135.7987,167.4562
56.928,187.26,127.40,119.67,68.35,67.47,74.30,65.04,67.58,135.8992,167.5504
56.960,207.85,138.64,122.43,62.92,61.55,68.43,66.89,69.05,135.9934,167.6509
56.992,226.37,150.51,129.97,70.58,67.84,67.85,65.23,65.85,136.0876,167.7451
57.024,248.65,170.71,151.48,60.27,68.78,65.90,59.58,64.11,136.1818,167.8393
57.056,287.69,195.91,165.49,70.52,60.73,61.60,71.20,63.30,136.2823,167.9335
57.088,326.81,213.83,185.30,63.40,70.01,67.46,64.60,68.76,136.3765,168.0340
57.120,357.30,242.41,202.31,66.87,70.28,59.64,67.30,65.87,136.4707,168.1282
57.152,421.58,269.89,233.69,67.52,62.09,67.86,67.80,57.45,136.5649,168.2224
57.184,576.84,331.83,268.47,75.63,65.46,68.64,59.48,62.22,136.6654,168.3166
57.216,836.21,322.49,338.13,71.44,63.35,64.66,68.77,69.25,136.6151,168.3982
57.248,742.47,281.32,362.20,69.07,75.35,66.29,61.94,77.46,136.5649,168.4798
57.280,676.21,244.88,384.53,67.12,63.62,64.49,73.28,70.69,136.5209,168.5615
57.312,798.82,226.49,479.35,69.10,68.96,66.89,70.72,69.38,136.4707,168.6368
57.344,867.20,208.10,541.19,71.33,70.74,68.31,68.70,63.74,136.4267,168.7185
57.376,844.36,191.53,722.25,64.25,62.92,66.81,66.97,62.41,136.3765,168.8001
57.408,854.50,156.97,903.68,69.91,70.60,67.63,63.38,69.55,136.3262,168.8818
57.440,785.64,147.80,1117.92,67.16,102.45,65.21,70.90,65.88,136.2823,168.9571
57.472,745.16,128.68,1302.80,71.13,116.14,68.83,65.55,67.85,136.2320,169.0388
57.504,603.73,113.29,1436.73,69.53,128.39,68.38,70.05,67.18,136.1818,169.1204
57.536,589.22,106.01,1532.83,62.84,154.36,60.52,70.43,67.96,136.1378,169.1958
57.568,540.31,84.69,1621.54,70.52,175.12,69.22,67.37,62.59,136.0876,169.2774
57.600,494.25,68.02,1701.16,71.75,208.74,63.84,64.67,69.68,136.0374,169.3590
57.632,460.27,68.59,1723.69,64.93,231.78,68.44,70.40,64.68,135.9934,169.4407
57.664,394.43,70.46,1770.53,72.56,287.64,62.00,75.76,76.03,135.9432,169.5160
57.696,372.72,67.81,1762.27,63.33,337.58,65.77,68.31,64.93,135.8929,169.5977
57.728,340.65,66.81,1782.79,65.33,369.39,67.58,66.68,65.53,135.8490,169.6793
57.760,304.48,66.99,1775.03,68.98,397.53,66.33,69.13,67.06,135.7987,169.7610
57.792,265.88,61.74,1732.11,67.76,470.32,74.61,71.90,66.45,135.7548,169.8363
57.824,230.34,67.24,1692.74,71.31,574.35,66.43,69.24,71.15,135.7045,169.9180
57.856,202.38,69.83,1624.08,65.58,698.12,65.56,68.55,62.15,135.6543,169.9996
57.888,167.20,71.11,1523.99,66.27,875.51,68.38,63.17,65.36,135.6103,170.0812
57.920,150.39,67.73,1402.19,66.88,1126.87,70.02,62.77,67.31,135.5601,170.1566
57.952,126.95,70.45,1230.57,70.51,1300.35,64.70,70.74,61.38,135.5098,170.2382
57.984,106.98,67.05,1055.63,62.61,1422.52,68.59,66.51,66.24,135.4659,170.3199
58.016,94.59,63.06,726.53,65.95,1514.06,65.76,62.28,64.21,135.4156,170.3952
58.048,71.19,70.23,569.85,70.37,1569.86,65.66,71.20,65.48,135.3654,170.4769
58.080,74.54,65.89,482.50,64.95,1606.16,64.53,68.71,68.51,135.3214,170.5585
58.112,70.31,74.40,399.25,68.57,1642.23,68.82,70.81,67.01,135.2712,170.6402
58.144,64.31,73.46,354.70,66.14,1658.87,64.75,79.73,63.53,135.2210,170.7155
58.176,69.54,68.96,335.03,66.76,1667.29,66.75,89.70,66.95,135.2900,170.8160
58.208,63.07,74.68,330.70,64.79,1668.55,61.18,100.66,66.65,135.3528,170.9102
58.240,70.93,70.71,317.95,68.96,1657.33,65.50,106.18,67.09,135.4156,171.0044
58.272,68.89,62.96,293.27,68.96,1657.14,61.05,112.57,66.61,135.4784,171.1049
58.304,69.70,66.83,279.90,73.16,1643.17,68.46,109.88,62.30,135.5412,171.1991
58.336,71.56,63.79,267.88,58.64,1619.73,63.93,117.58,62.08,135.6103,171.2933
58.368,65.30,65.09,252.09,70.05,1598.87,67.31,106.02,70.52,135.6731,171.3875
58.400,65.38,70.49,242.18,64.53,1579.93,67.24,116.75,66.22,135.7359,171.4880
58.432,64.83,68.63,229.83,63.16,1546.61,67.83,124.69,70.12,135.7987,171.5822
58.464,64.90,64.27,222.38,68.31,1511.24,69.17,133.46,65.22,135.8615,171.6764
58.496,68.07,61.25,200.45,66.88,1471.28,64.45,135.03,67.32,135.9306,171.7706
58.528,66.10,65.68,197.08,69.86,1430.64,69.95,134.37,62.19,135.9934,171.8710
58.560,67.38,69.55,184.42,66.34,1343.06,69.58,147.03,69.28,136.0562,171.9652
58.592,68.94,69.07,177.70,66.41,1271.39,73.32,143.28,67.57,136.1190,172.0594
58.624,68.18,68.37,159.28,65.36,1225.14,70.23,139.58,64.52,136.1818,172.1599
58.656,66.70,66.13,152.91,70.46,1139.47,65.99,140.98,70.63,136.2446,172.2541
58.688,73.83,67.75,154.17,69.56,1065.09,71.06,147.18,69.69,136.3137,172.3483
58.720,68.87,67.75,134.55,64.75,975.30,68.49,157.86,66.08,136.3765,172.4425
58.752,65.10,65.26,143.05,70.34,881.71,64.34,155.58,64.15,136.4393,172.5430
58.784,71.37,72.99,118.88,61.33,738.76,67.61,151.50,62.04,136.5021,172.6372
58.816,66.61,68.38,118.30,76.37,669.18,69.43,149.42,69.11,136.5963,172.7314
58.848,63.00,66.75,111.15,68.69,610.96,65.63,152.31,69.76,136.6968,172.8256
58.880,69.25,68.36,120.77,71.87,565.42,70.92,146.80,73.00,136.7910,172.9261
58.912,61.08,65.15,109.08,59.40,551.36,64.76,140.37,70.20,136.8852,173.0203
58.944,65.88,61.90,112.24,63.69,558.95,68.88,124.33,68.84,136.9856,173.1145
58.976,67.84,71.08,109.44,72.08,487.17,65.53,137.21,59.56,137.0798,173.2150
59.008,69.09,72.46,105.14,67.89,470.04,67.90,133.40,67.91,137.1740,173.3092
59.040,66.61,63.97,108.26,61.99,449.38,70.42,129.51,68.36,137.2682,173.4034
59.072,64.84,66.87,103.14,63.90,422.38,59.81,129.84,67.22,137.3687,173.4976
59.104,61.86,68.03,99.37,72.22,406.59,59.98,122.34,64.26,137.4629,173.5980
59.136,62.26,66.57,94.83,67.00,378.18,64.92,106.02,62.93,137.5571,173.6922
59.168,66.48,65.50,93.86,64.83,382.13,65.91,116.16,67.35,137.6576,173.7864
59.200,63.50,69.65,91.61,66.44,372.18,67.80,121.85,65.00,137.7518,173.8806
59.232,66.59,71.58,85.38,63.89,357.20,72.49,118.76,69.06,137.8460,173.9811
59.264,66.62,63.21,86.97,66.81,345.93,68.60,113.11,59.69,137.9402,174.0753
59.296,65.30,68.70,80.68,68.22,339.13,70.30,114.18,67.85,138.0407,174.1695
59.328,62.39,63.58,78.71,63.34,330.29,65.07,108.36,67.86,138.1349,174.2700
59.360,64.96,73.95,73.75,66.52,319.01,67.80,110.09,69.90,138.2291,174.3642
59.392,61.23,68.24,68.16,67.36,314.48,69.78,107.14,61.23,138.3233,174.4584
59.424,69.78,73.00,70.29,62.96,306.71,67.78,111.51,60.11,138.4238,174.5526
59.456,63.25,68.43,63.93,67.27,296.18,66.68,102.25,67.06,138.5180,174.6531
59.488,70.24,64.69,67.03,70.04,288.12,62.91,109.91,67.19,138.6122,174.7473
59.520,62.50,65.71,72.95,69.60,282.82,64.50,102.83,65.97,138.7126,174.8415
59.552,67.36,66.55,64.59,58.50,267.43,71.26,106.75,64.41,138.8068,174.9357
59.584,64.03,67.70,64.43,64.93,265.74,64.17,104.80,68.24,138.9010,175.0362
59.616,65.10,67.61,67.57,64.79,262.28,66.79,97.66,64.90,138.9952,175.1304
59.648,66.57,72.25,65.58,72.07,252.68,63.36,94.52,65.17,139.0957,175.2246
59.680,66.85,75.71,69.12,65.81,237.71,66.86,91.09,65.37,139.1899,175.3250
59.712,64.98,86.54,63.18,67.90,226.28,72.80,90.21,66.75,139.2841,175.4192
59.744,68.01,105.95,67.72,67.19,225.31,62.61,84.13,69.63,139.3783,175.5134
59.776,68.48,103.87,67.92,64.18,227.99,66.64,77.73,68.36,139.4788,175.6076
59.808,65.30,105.12,65.21,67.53,224.05,70.27,78.33,67.39,139.5730,175.7081
59.840,68.84,104.83,70.64,66.15,220.63,67.72,76.07,67.91,139.6672,175.8023
59.872,73.97,106.11,69.35,67.21,208.53,65.43,70.43,65.02,139.7677,175.8965
59.904,63.20,113.45,68.60,70.97,205.97,64.03,70.39,69.36,139.8619,175.9970
59.936,68.61,134.25,70.57,68.42,202.95,69.12,65.42,66.42,139.9561,176.0912
59.968,64.77,127.93,61.27,74.71,190.12,65.55,68.27,70.87,140.0503,176.1854
